Product ID,Brand,Warranty Years,Material,Release Date,Sustainability Rating
FUR-BO-10001798,Apex,1,Metal,2023-10-17,C
FUR-CH-10000454,BizWorks,2,Paper,2020-12-13,A
OFF-LA-10000240,Apex,3,Paper,2022-09-25,A
FUR-TA-10000577,OfficePro,3,Glass,2019-05-02,A
OFF-ST-10000760,Apex,2,Composite,2012-02-10,B
FUR-FU-10001487,WorkSmart,1,Metal,2010-09-06,A
OFF-AR-10002833,Apex,5,Paper,2024-03-21,D
TEC-PH-10002275,BizWorks,3,Glass,2011-01-08,D
OFF-BI-10003910,Staples,3,Plastic,2018-01-05,D
OFF-AP-10002892,WorkSmart,3,Paper,2020-07-24,A
FUR-TA-10001539,WorkSmart,3,Wood,2023-07-02,D
TEC-PH-10002033,Apex,2,Wood,2011-12-03,D
OFF-PA-10002365,Global,3,Plastic,2015-12-26,D
OFF-BI-10003656,OfficePro,2,Composite,2012-07-30,B
OFF-AP-10002311,Acme,3,Metal,2020-09-19,C
OFF-BI-10000756,Acme,3,Metal,2023-12-10,A
OFF-ST-10004186,Staples,1,Paper,2012-03-04,C
OFF-ST-10000107,Acme,1,Wood,2011-11-09,A
OFF-AR-10003056,Acme,1,Composite,2014-04-11,B
TEC-PH-10001949,OfficePro,1,Composite,2021-02-05,D
OFF-BI-10002215,OfficePro,2,Composite,2011-03-29,B
OFF-AR-10000246,Global,3,Paper,2016-10-02,A
OFF-AP-10001492,BizWorks,1,Metal,2020-01-05,D
FUR-CH-10002774,Staples,2,Composite,2024-05-01,D
OFF-BI-10001634,Acme,5,Paper,2021-05-09,A
TEC-AC-10003027,Global,3,Paper,2020-04-12,C
FUR-BO-10004834,Staples,2,Plastic,2010-07-29,B
OFF-BI-10000474,WorkSmart,3,Fabric,2023-08-24,B
FUR-FU-10004848,Acme,2,Composite,2015-04-11,A
OFF-EN-10001509,Acme,1,Fabric,2023-07-17,A
OFF-AR-10004042,OfficePro,1,Metal,2020-11-10,A
OFF-BI-10001525,Apex,1,Paper,2015-02-21,A
OFF-AR-10001683,Staples,1,Glass,2011-09-19,D
OFF-PA-10000249,Acme,5,Composite,2017-06-19,B
TEC-PH-10004977,Staples,3,Glass,2013-12-29,C
FUR-FU-10003664,BizWorks,2,Wood,2017-09-25,C
OFF-EN-10002986,Global,2,Metal,2013-06-04,A
FUR-BO-10002545,Global,1,Plastic,2023-01-11,D
FUR-CH-10004218,Apex,3,Plastic,2021-12-12,C
TEC-PH-10000486,Acme,3,Fabric,2015-12-04,B
TEC-PH-10004093,BizWorks,1,Paper,2014-06-12,A
OFF-ST-10003479,OfficePro,1,Fabric,2015-01-28,C
OFF-ST-10003282,Acme,2,Wood,2012-01-24,C
TEC-AC-10000171,Staples,2,Wood,2015-02-12,C
OFF-BI-10003291,WorkSmart,2,Plastic,2024-02-16,A
OFF-ST-10001713,Global,2,Glass,2010-07-01,A
TEC-AC-10002167,Staples,2,Composite,2014-02-22,B
TEC-PH-10003988,Apex,1,Plastic,2012-06-21,B
OFF-BI-10004410,Global,1,Plastic,2019-02-27,A
OFF-LA-10002762,OfficePro,2,Glass,2024-05-05,B
FUR-FU-10001706,Global,3,Glass,2019-06-16,B
FUR-CH-10003061,WorkSmart,5,Wood,2019-11-17,C
OFF-FA-10000304,BizWorks,3,Glass,2016-12-31,B
TEC-PH-10002447,Acme,3,Fabric,2015-11-10,B
OFF-ST-10000604,WorkSmart,2,Wood,2021-08-15,C
OFF-PA-10001569,BizWorks,2,Glass,2015-12-05,D
FUR-CH-10003968,WorkSmart,5,Paper,2017-02-25,A
OFF-PA-10000587,Acme,1,Wood,2015-07-15,A
OFF-BI-10001460,Global,2,Wood,2017-09-22,D
OFF-AR-10001868,Apex,2,Plastic,2016-03-31,B
TEC-AC-10004633,Acme,2,Composite,2014-04-20,C
OFF-BI-10001078,Acme,1,Plastic,2015-05-27,B
OFF-PA-10003892,BizWorks,2,Metal,2020-11-30,A
FUR-FU-10000397,OfficePro,3,Wood,2016-02-23,B
FUR-CH-10001146,Global,2,Glass,2016-09-08,B
OFF-AR-10002671,Acme,3,Glass,2011-12-15,B
TEC-PH-10002726,Apex,1,Glass,2019-09-16,A
OFF-PA-10000482,Staples,5,Wood,2010-08-11,D
OFF-BI-10004654,Global,2,Glass,2012-05-13,B
OFF-PA-10004675,OfficePro,2,Metal,2022-08-31,B
FUR-CH-10000513,WorkSmart,1,Wood,2013-11-26,C
FUR-FU-10003708,Acme,1,Glass,2016-04-23,B
OFF-ST-10004123,Apex,2,Wood,2011-10-16,C
OFF-BI-10004182,Global,2,Paper,2013-03-05,D
FUR-FU-10000260,Apex,2,Wood,2015-01-17,B
OFF-ST-10000615,Apex,1,Metal,2011-03-20,B
FUR-FU-10003194,BizWorks,3,Plastic,2016-10-01,D
OFF-AP-10002118,WorkSmart,3,Wood,2022-10-14,A
OFF-BI-10002309,OfficePro,1,Composite,2023-12-25,A
OFF-AR-10002053,Global,2,Metal,2022-02-23,D
OFF-ST-10002370,Acme,3,Fabric,2017-10-28,C
OFF-EN-10000927,OfficePro,2,Paper,2013-07-04,D
OFF-ST-10003656,Acme,1,Metal,2018-04-28,A
FUR-CH-10000863,Staples,2,Plastic,2020-05-23,A
TEC-AC-10001998,Apex,1,Glass,2019-12-17,A
OFF-LA-10000134,Staples,1,Glass,2020-04-16,B
OFF-ST-10003442,BizWorks,1,Metal,2010-04-10,B
OFF-AR-10004930,Apex,2,Fabric,2015-09-18,B
OFF-PA-10000304,WorkSmart,1,Glass,2016-04-29,A
OFF-PA-10003177,OfficePro,5,Paper,2021-08-16,B
FUR-FU-10003799,Acme,1,Composite,2017-06-30,B
OFF-BI-10002852,BizWorks,1,Fabric,2024-05-06,A
OFF-BI-10004738,WorkSmart,2,Metal,2014-05-27,D
FUR-FU-10000629,Acme,1,Fabric,2018-02-01,A
OFF-BI-10001721,OfficePro,2,Glass,2020-11-25,C
OFF-AP-10000358,Global,1,Glass,2018-09-30,C
OFF-PA-10003256,BizWorks,1,Metal,2021-11-18,B
TEC-AC-10001767,Staples,1,Glass,2022-10-27,A
OFF-BI-10002609,Staples,2,Glass,2018-06-20,B
OFF-PA-10004040,Acme,1,Composite,2018-02-10,C
TEC-AC-10001552,Acme,3,Composite,2017-04-16,A
FUR-FU-10004006,Acme,2,Plastic,2012-05-05,C
OFF-BI-10002794,BizWorks,2,Composite,2015-11-17,D
TEC-AC-10003499,OfficePro,2,Wood,2023-06-27,D
TEC-PH-10002844,Global,2,Fabric,2013-10-18,B
OFF-AR-10000390,Staples,5,Fabric,2014-09-13,C
TEC-AC-10000844,WorkSmart,1,Metal,2021-05-14,D
FUR-FU-10001934,Apex,1,Composite,2014-09-22,B
OFF-AR-10000380,BizWorks,1,Plastic,2015-05-08,A
OFF-BI-10003981,BizWorks,1,Glass,2024-01-29,A
OFF-FA-10000621,OfficePro,1,Plastic,2010-07-04,A
OFF-EN-10002600,Staples,2,Plastic,2011-06-06,C
OFF-PA-10004965,Global,2,Paper,2016-04-30,B
OFF-EN-10002504,OfficePro,5,Glass,2013-06-02,C
FUR-TA-10001768,WorkSmart,1,Wood,2014-07-17,C
OFF-BI-10003650,Staples,1,Composite,2024-02-14,B
FUR-FU-10002157,OfficePro,5,Glass,2012-09-29,B
OFF-ST-10000777,Staples,3,Plastic,2018-11-02,A
OFF-EN-10002500,Staples,2,Glass,2018-08-05,C
TEC-PH-10003875,BizWorks,2,Wood,2015-04-13,B
FUR-CH-10004063,Global,3,Fabric,2011-01-29,B
FUR-TA-10004534,BizWorks,2,Metal,2014-06-06,A
OFF-BI-10003274,Apex,1,Composite,2019-12-21,D
OFF-ST-10002974,Global,3,Composite,2011-10-23,D
FUR-CH-10001146,Staples,2,Paper,2024-05-17,B
FUR-FU-10003773,OfficePro,1,Fabric,2021-05-27,B
TEC-PH-10002293,WorkSmart,2,Composite,2010-11-16,C
OFF-PA-10002377,Global,2,Paper,2016-02-03,A
OFF-FA-10002780,Apex,3,Paper,2011-08-07,A
OFF-PA-10001804,Staples,1,Paper,2019-11-10,B
OFF-PA-10001736,WorkSmart,3,Composite,2011-08-05,A
OFF-AR-10001149,Global,2,Composite,2020-02-14,B
OFF-FA-10002988,BizWorks,2,Composite,2014-11-03,B
OFF-BI-10004781,BizWorks,1,Wood,2014-04-06,B
OFF-SU-10001218,Global,3,Paper,2014-12-04,A
OFF-AR-10000940,Global,5,Wood,2021-07-08,B
OFF-EN-10004030,Global,1,Metal,2012-09-25,B
OFF-PA-10004327,WorkSmart,1,Composite,2012-01-28,B
OFF-AP-10001058,BizWorks,2,Glass,2010-10-10,B
FUR-FU-10000521,OfficePro,3,Fabric,2024-02-23,D
TEC-PH-10000215,Apex,1,Plastic,2023-05-29,A
TEC-PH-10001448,Apex,2,Metal,2010-05-11,C
OFF-BI-10002735,Staples,2,Glass,2013-07-17,A
OFF-AP-10000326,Acme,1,Plastic,2010-03-02,B
TEC-PH-10001254,OfficePro,2,Plastic,2016-01-21,B
OFF-PA-10001950,BizWorks,1,Composite,2014-03-29,B
OFF-PA-10002254,Staples,3,Fabric,2021-12-16,C
OFF-ST-10001590,Staples,2,Plastic,2014-11-17,B
OFF-AR-10001547,Global,2,Paper,2010-02-07,B
OFF-LA-10002475,Acme,1,Glass,2019-12-11,C
TEC-PH-10004536,BizWorks,1,Plastic,2017-04-18,A
OFF-PA-10002751,Acme,3,Metal,2011-04-19,A
TEC-AC-10003657,OfficePro,2,Fabric,2010-02-28,A
OFF-EN-10001990,Acme,2,Fabric,2017-03-21,A
OFF-BI-10004002,Staples,2,Plastic,2017-02-27,B
OFF-AR-10004441,Acme,2,Fabric,2017-02-27,B
TEC-MA-10000822,Acme,1,Metal,2023-09-09,A
OFF-ST-10000991,Apex,1,Glass,2022-04-06,A
FUR-CH-10004287,BizWorks,1,Metal,2013-11-12,C
OFF-AR-10002656,BizWorks,3,Metal,2010-03-26,C
OFF-AP-10002518,Staples,1,Paper,2014-03-14,D
TEC-PH-10003931,WorkSmart,1,Composite,2020-05-25,D
OFF-PA-10000659,Acme,3,Plastic,2017-04-28,D
OFF-PA-10001144,Acme,1,Glass,2017-11-13,C
FUR-CH-10003817,Global,2,Fabric,2018-07-18,B
OFF-AP-10000891,BizWorks,1,Metal,2012-12-26,A
OFF-LA-10003148,Acme,1,Plastic,2017-10-05,B
OFF-AP-10002684,BizWorks,2,Glass,2021-07-26,A
FUR-CH-10004698,Acme,1,Glass,2015-09-08,C
OFF-SU-10002189,Apex,3,Plastic,2018-09-26,B
OFF-AR-10001940,Staples,2,Composite,2023-02-09,B
OFF-ST-10003455,BizWorks,1,Paper,2021-07-30,A
TEC-AC-10004659,OfficePro,1,Fabric,2013-04-23,B
TEC-PH-10003273,Staples,2,Paper,2019-10-18,B
TEC-PH-10004896,Global,1,Glass,2022-12-25,A
TEC-AC-10002345,Staples,1,Fabric,2017-01-25,B
OFF-BI-10001890,Acme,2,Glass,2020-05-15,A
TEC-AC-10002323,Global,3,Metal,2011-05-31,B
OFF-ST-10001328,Staples,2,Metal,2016-01-22,B
FUR-BO-10002613,Global,3,Plastic,2018-02-22,C
TEC-PH-10001552,OfficePro,3,Fabric,2012-07-21,B
OFF-PA-10000061,Staples,1,Fabric,2014-07-22,B
OFF-AR-10003514,BizWorks,3,Glass,2011-07-11,D
OFF-AR-10004685,BizWorks,3,Paper,2014-07-30,B
OFF-AR-10004027,WorkSmart,1,Metal,2012-09-19,B
OFF-ST-10001414,Acme,5,Wood,2014-06-17,B
OFF-BI-10000343,Global,1,Plastic,2014-08-19,C
OFF-PA-10002749,WorkSmart,1,Fabric,2023-04-15,B
OFF-PA-10002666,WorkSmart,3,Composite,2013-01-09,B
FUR-TA-10004289,Apex,2,Composite,2013-06-24,C
OFF-AP-10003622,Global,1,Wood,2017-12-12,A
OFF-AP-10003217,WorkSmart,1,Metal,2022-12-28,C
FUR-FU-10002960,Apex,3,Metal,2013-11-10,B
TEC-PH-10001918,WorkSmart,3,Metal,2019-12-26,B
OFF-ST-10000642,Acme,2,Paper,2023-12-06,C
TEC-PH-10001700,OfficePro,5,Glass,2013-08-23,A
OFF-FA-10000134,Apex,1,Composite,2022-12-07,C
OFF-ST-10001522,OfficePro,1,Metal,2015-08-17,D
TEC-AC-10001266,Global,2,Composite,2012-08-11,B
OFF-LA-10004544,Acme,3,Wood,2015-01-17,D
FUR-BO-10004695,Apex,1,Plastic,2017-09-03,A
TEC-MA-10000864,Global,1,Glass,2010-01-10,C
TEC-AC-10000109,WorkSmart,3,Paper,2017-02-22,B
TEC-PH-10002563,BizWorks,5,Fabric,2010-05-02,B
OFF-FA-10000585,Staples,2,Wood,2023-02-04,A
OFF-PA-10004000,Global,1,Glass,2017-01-04,B
FUR-FU-10000087,OfficePro,5,Composite,2018-04-26,A
TEC-MA-10001148,Acme,3,Wood,2011-03-17,D
OFF-AR-10001958,Acme,2,Fabric,2017-07-12,C
OFF-AR-10001026,Global,3,Glass,2011-08-14,A
FUR-TA-10003748,WorkSmart,3,Paper,2013-09-30,A
OFF-ST-10002485,Staples,5,Plastic,2015-06-13,C
FUR-CH-10004860,OfficePro,3,Fabric,2013-09-23,B
FUR-CH-10004477,Global,2,Glass,2020-05-01,A
OFF-BI-10001679,Global,2,Paper,2015-08-27,B
FUR-TA-10001705,BizWorks,2,Composite,2016-08-12,B
FUR-TA-10003473,Acme,2,Fabric,2018-01-30,A
FUR-FU-10004017,OfficePro,3,Wood,2017-07-31,C
TEC-AC-10003832,Staples,5,Metal,2019-05-10,B
OFF-PA-10002479,Acme,2,Wood,2014-04-26,A
OFF-PA-10003349,Global,2,Composite,2023-09-13,D
FUR-FU-10000576,Acme,2,Glass,2010-04-25,B
FUR-FU-10004351,Acme,2,Plastic,2013-09-30,A
TEC-PH-10000011,Apex,2,Fabric,2010-05-19,A
FUR-TA-10002607,Acme,1,Glass,2023-06-25,A
FUR-FU-10002505,WorkSmart,2,Plastic,2023-07-13,B
OFF-ST-10002276,Acme,1,Composite,2019-03-28,A
OFF-PA-10004082,WorkSmart,1,Fabric,2013-08-08,B
OFF-AP-10002945,OfficePro,3,Paper,2010-03-15,A
FUR-CH-10002965,Acme,1,Paper,2020-07-13,B
OFF-PA-10004569,Staples,1,Glass,2011-04-29,C
OFF-ST-10001228,WorkSmart,1,Wood,2021-04-04,B
OFF-EN-10003296,WorkSmart,1,Glass,2014-03-30,B
OFF-ST-10004804,Global,3,Wood,2013-09-21,D
TEC-PH-10001580,OfficePro,2,Composite,2015-03-12,B
TEC-AC-10000290,Acme,3,Paper,2024-05-13,B
OFF-ST-10002790,BizWorks,1,Fabric,2021-07-26,B
OFF-BI-10003460,Staples,1,Paper,2011-05-26,C
OFF-AP-10002203,Global,1,Wood,2011-02-27,A
TEC-MA-10003353,OfficePro,3,Glass,2016-08-29,B
TEC-PH-10001433,WorkSmart,2,Composite,2015-03-22,B
TEC-AC-10004469,Staples,5,Paper,2021-11-06,B
OFF-AR-10003602,Acme,2,Composite,2012-08-16,C
OFF-FA-10003472,BizWorks,2,Paper,2012-04-04,B
OFF-ST-10004180,Apex,3,Glass,2010-03-06,A
OFF-EN-10004386,Apex,5,Plastic,2023-06-30,D
OFF-ST-10003208,OfficePro,1,Glass,2022-11-24,A
TEC-AC-10003628,BizWorks,1,Paper,2019-03-03,A
FUR-FU-10003274,Staples,2,Wood,2012-03-11,B
OFF-BI-10002557,Global,2,Glass,2010-10-05,C
OFF-PA-10002615,Staples,5,Fabric,2014-09-14,C
OFF-AR-10001427,BizWorks,2,Wood,2016-08-10,D
OFF-PA-10000673,WorkSmart,1,Wood,2013-05-23,A
OFF-PA-10004470,Apex,5,Wood,2022-05-21,B
OFF-ST-10000876,OfficePro,3,Composite,2014-01-26,A
OFF-LA-10002043,Acme,1,Metal,2022-10-26,C
OFF-BI-10004967,Staples,5,Metal,2019-01-12,B
TEC-PH-10001760,Apex,1,Plastic,2022-03-29,A
FUR-TA-10002903,Global,1,Wood,2018-03-15,C
OFF-PA-10000474,OfficePro,5,Metal,2010-04-03,B
TEC-AC-10001956,Acme,2,Plastic,2019-09-02,B
OFF-PA-10004100,Staples,1,Composite,2023-09-19,C
OFF-BI-10000778,Global,1,Wood,2015-01-15,A
OFF-SU-10000646,Acme,3,Fabric,2019-08-29,A
OFF-FA-10002983,WorkSmart,1,Composite,2014-06-10,A
OFF-LA-10004689,Apex,2,Plastic,2014-04-11,B
TEC-AC-10002001,WorkSmart,2,Composite,2013-11-17,A
FUR-BO-10004709,Apex,1,Fabric,2018-02-12,B
FUR-FU-10004091,Global,2,Composite,2021-06-22,A
FUR-CH-10001891,WorkSmart,3,Plastic,2023-11-03,D
FUR-FU-10002918,Apex,2,Fabric,2013-02-04,A
OFF-BI-10004593,OfficePro,1,Fabric,2013-11-14,A
OFF-FA-10004854,Global,1,Composite,2019-11-07,A
OFF-PA-10002105,Apex,2,Fabric,2020-04-02,C
OFF-ST-10002756,Staples,3,Glass,2015-10-20,B
OFF-PA-10004243,Apex,1,Composite,2011-10-26,C
FUR-FU-10001861,WorkSmart,1,Wood,2023-11-13,C
OFF-BI-10002706,OfficePro,2,Fabric,2017-03-19,D
FUR-TA-10002533,Acme,2,Composite,2017-08-06,C
FUR-FU-10002671,Acme,1,Wood,2020-11-13,A
OFF-AR-10003651,Apex,3,Fabric,2024-05-29,C
OFF-BI-10001072,Acme,1,Wood,2019-07-23,D
OFF-AR-10002135,Apex,3,Paper,2014-04-21,D
OFF-AR-10002804,OfficePro,2,Fabric,2014-03-04,A
FUR-FU-10001918,Acme,2,Paper,2012-09-14,B
FUR-CH-10004086,WorkSmart,1,Plastic,2018-11-13,A
FUR-FU-10001756,WorkSmart,3,Plastic,2020-07-12,A
OFF-LA-10000634,Staples,1,Composite,2020-02-11,C
FUR-FU-10001588,Apex,1,Metal,2010-04-09,D
TEC-PH-10002398,Acme,2,Paper,2016-04-07,B
OFF-PA-10001937,WorkSmart,3,Paper,2014-02-23,C
OFF-AR-10003373,BizWorks,1,Plastic,2021-10-07,A
FUR-CH-10002602,OfficePro,1,Paper,2011-09-26,A
TEC-MA-10002927,OfficePro,3,Metal,2023-04-04,B
TEC-AC-10000892,BizWorks,3,Wood,2022-07-22,B
OFF-FA-10000624,BizWorks,1,Wood,2011-08-02,C
TEC-AC-10001908,Staples,2,Metal,2020-11-03,B
FUR-FU-10001967,OfficePro,2,Paper,2010-09-30,B
TEC-PH-10003645,OfficePro,2,Paper,2023-05-14,B
OFF-ST-10000675,Acme,3,Paper,2020-10-29,A
FUR-CH-10003312,Apex,1,Glass,2020-10-02,D
OFF-LA-10001074,Global,3,Composite,2011-03-29,B
OFF-BI-10001524,OfficePro,2,Fabric,2013-03-21,B
TEC-PH-10004614,OfficePro,2,Metal,2023-06-13,C
OFF-BI-10001153,Global,2,Metal,2011-02-18,B
OFF-BI-10001982,OfficePro,5,Glass,2014-03-31,C
OFF-BI-10001922,Acme,1,Metal,2022-05-24,A
TEC-CO-10001449,Acme,1,Metal,2023-08-31,A
OFF-BI-10004140,Global,1,Glass,2015-05-01,D
OFF-BI-10003314,WorkSmart,5,Metal,2024-03-31,C
FUR-TA-10004575,OfficePro,3,Paper,2010-07-11,B
OFF-FA-10000490,WorkSmart,2,Glass,2010-02-10,B
OFF-AR-10000122,OfficePro,1,Composite,2015-02-03,D
TEC-PH-10000702,Apex,3,Plastic,2013-08-25,A
OFF-AR-10001374,OfficePro,3,Paper,2019-06-12,A
OFF-PA-10001970,Acme,2,Paper,2010-05-16,B
OFF-BI-10002160,Staples,1,Fabric,2021-07-03,A
OFF-BI-10004995,BizWorks,1,Glass,2022-08-20,A
FUR-BO-10002268,Staples,2,Plastic,2015-04-26,C
OFF-EN-10001137,Staples,3,Metal,2014-04-15,A
OFF-AR-10002399,Staples,1,Plastic,2021-07-23,C
OFF-PA-10002713,BizWorks,2,Composite,2011-01-24,B
OFF-AP-10001124,WorkSmart,1,Wood,2014-04-08,B
OFF-LA-10001158,BizWorks,3,Paper,2015-10-23,B
FUR-CH-10000785,WorkSmart,2,Glass,2012-10-25,B
OFF-AR-10003732,BizWorks,1,Glass,2019-09-05,A
FUR-FU-10000023,BizWorks,2,Plastic,2010-03-23,A
OFF-BI-10002412,OfficePro,1,Fabric,2012-02-15,C
OFF-SU-10001225,WorkSmart,1,Composite,2018-04-27,A
OFF-ST-10002406,OfficePro,3,Wood,2021-12-22,A
OFF-PA-10002036,Apex,1,Composite,2017-11-27,D
OFF-ST-10002205,OfficePro,1,Glass,2015-02-22,D
TEC-AC-10003911,Staples,1,Metal,2016-03-21,B
OFF-AR-10000658,Global,1,Wood,2014-05-27,A
TEC-AC-10002076,Global,1,Glass,2018-08-06,C
OFF-PA-10003039,Acme,1,Fabric,2011-08-29,C
FUR-TA-10004915,Acme,2,Wood,2022-12-19,A
OFF-AP-10000696,OfficePro,1,Glass,2019-05-08,A
OFF-ST-10003327,BizWorks,3,Fabric,2020-01-14,C
OFF-BI-10000309,BizWorks,1,Metal,2015-11-15,D
OFF-PA-10004734,Global,1,Fabric,2021-09-10,C
OFF-BI-10002225,Staples,1,Composite,2020-04-23,A
TEC-AC-10004708,WorkSmart,3,Plastic,2013-10-08,B
FUR-TA-10000617,Staples,2,Composite,2019-06-25,B
TEC-AC-10002335,Staples,3,Glass,2010-12-14,A
TEC-MA-10001681,OfficePro,1,Glass,2010-01-01,A
FUR-FU-10001935,OfficePro,3,Paper,2010-03-04,A
OFF-AR-10004757,Apex,1,Composite,2014-11-19,B
OFF-BI-10000050,Staples,1,Wood,2020-06-11,B
TEC-PH-10003012,BizWorks,2,Metal,2010-08-14,C
TEC-CO-10002313,BizWorks,1,Paper,2012-11-08,C
OFF-BI-10003982,Staples,5,Paper,2012-04-24,D
OFF-BI-10004492,OfficePro,1,Paper,2017-05-04,C
OFF-ST-10000798,OfficePro,5,Glass,2021-04-12,A
OFF-PA-10002552,Apex,2,Plastic,2013-05-19,B
OFF-SU-10002573,Apex,2,Fabric,2015-06-08,B
OFF-ST-10001580,Acme,1,Wood,2021-08-27,A
OFF-ST-10000934,Global,1,Glass,2013-07-02,D
TEC-AC-10000158,Staples,5,Metal,2014-05-14,A
OFF-PA-10001947,BizWorks,1,Glass,2016-12-26,B
OFF-AR-10003478,Staples,2,Plastic,2015-05-07,B
OFF-AP-10004249,Apex,5,Glass,2014-08-23,B
TEC-CO-10004115,Apex,1,Glass,2012-08-12,B
OFF-PA-10003724,Acme,2,Composite,2019-01-05,B
FUR-TA-10002041,Global,2,Metal,2010-12-23,A
OFF-PA-10002893,Acme,1,Paper,2019-11-05,A
OFF-LA-10003766,BizWorks,1,Metal,2012-08-26,D
OFF-PA-10001970,Global,2,Metal,2010-08-30,A
FUR-BO-10001972,WorkSmart,1,Composite,2019-06-09,A
FUR-CH-10003956,Staples,3,Fabric,2021-08-05,B
OFF-PA-10000157,Acme,1,Glass,2015-11-15,A
OFF-AR-10004344,Apex,5,Wood,2010-05-27,B
FUR-CH-10004886,Acme,1,Paper,2024-03-04,B
OFF-PA-10003845,WorkSmart,2,Fabric,2024-02-18,C
OFF-AR-10001573,Acme,2,Plastic,2011-06-27,C
OFF-EN-10000483,Staples,1,Glass,2011-11-23,A
TEC-AC-10004114,WorkSmart,1,Paper,2012-10-22,B
FUR-FU-10004712,Apex,3,Wood,2021-02-02,A
OFF-ST-10000918,Apex,3,Glass,2020-12-19,A
FUR-CH-10000015,OfficePro,1,Plastic,2019-03-14,B
FUR-FU-10003347,WorkSmart,2,Composite,2024-05-24,A
OFF-BI-10001543,OfficePro,1,Fabric,2018-01-30,B
TEC-MA-10000029,OfficePro,1,Glass,2011-12-31,C
OFF-AR-10000369,Staples,2,Paper,2022-04-27,C
OFF-BI-10004584,Acme,3,Metal,2016-12-30,C
OFF-ST-10000617,Apex,1,Wood,2013-02-24,A
OFF-ST-10003306,Apex,5,Glass,2014-10-02,B
OFF-BI-10000773,Acme,1,Paper,2012-11-04,A
TEC-AC-10002600,Apex,2,Metal,2017-12-22,B
TEC-MA-10002937,Acme,2,Paper,2023-04-03,A
OFF-PA-10002230,WorkSmart,2,Glass,2016-12-15,A
FUR-CH-10003396,Staples,2,Plastic,2022-02-01,B
FUR-FU-10000246,Staples,1,Metal,2013-05-27,C
OFF-ST-10000060,BizWorks,3,Metal,2012-02-12,C
OFF-ST-10003058,Staples,3,Paper,2015-04-01,B
OFF-PA-10002222,Acme,1,Composite,2019-05-06,B
FUR-CH-10002372,BizWorks,3,Glass,2016-11-04,B
OFF-LA-10001317,Acme,1,Composite,2019-06-03,B
FUR-FU-10000206,Global,3,Fabric,2023-10-19,A
OFF-AR-10000588,BizWorks,1,Plastic,2019-09-16,C
OFF-ST-10001469,Apex,1,Composite,2013-04-28,B
OFF-AR-10001953,Apex,1,Paper,2018-01-10,A
OFF-AR-10003156,Global,2,Glass,2011-02-23,A
OFF-AR-10004974,Global,2,Composite,2020-05-09,A
TEC-PH-10002365,Staples,1,Fabric,2023-08-01,B
OFF-ST-10000142,Global,1,Wood,2012-02-28,C
TEC-AC-10001772,Acme,1,Fabric,2015-02-15,B
FUR-CH-10000225,OfficePro,2,Metal,2022-07-27,B
FUR-CH-10002331,Acme,2,Glass,2024-02-15,D
OFF-EN-10001415,BizWorks,1,Metal,2015-07-19,A
OFF-AP-10002472,Global,1,Composite,2016-09-12,A
TEC-AC-10004571,Apex,3,Composite,2023-03-17,B
OFF-BI-10001098,Acme,1,Fabric,2011-07-15,C
FUR-TA-10001889,Apex,1,Fabric,2017-04-05,B
OFF-BI-10000315,Acme,1,Paper,2024-05-15,B
OFF-SU-10003505,Apex,2,Plastic,2020-09-09,D
OFF-AP-10002578,WorkSmart,2,Paper,2011-06-24,C
FUR-BO-10002824,Acme,2,Metal,2023-01-08,A
OFF-BI-10002194,BizWorks,1,Paper,2018-08-03,C
OFF-PA-10004071,Apex,3,Fabric,2019-01-03,A
OFF-ST-10002743,OfficePro,1,Glass,2017-02-23,B
FUR-BO-10001601,BizWorks,3,Paper,2023-06-14,A
TEC-PH-10002680,Staples,2,Wood,2015-04-29,B
OFF-ST-10001321,Acme,2,Plastic,2018-08-12,B
OFF-PA-10001509,OfficePro,1,Fabric,2017-07-21,C
OFF-PA-10003465,Staples,1,Glass,2018-12-05,B
TEC-PH-10000149,Acme,2,Composite,2021-03-31,B
OFF-AR-10003045,OfficePro,2,Paper,2015-03-11,A
OFF-ST-10000689,OfficePro,1,Fabric,2016-11-05,D
TEC-AC-10001445,BizWorks,5,Composite,2017-09-30,C
TEC-AC-10002567,WorkSmart,5,Composite,2020-08-09,A
OFF-LA-10003923,OfficePro,2,Metal,2010-02-17,D
FUR-BO-10001337,WorkSmart,5,Metal,2016-06-22,B
TEC-PH-10001924,Global,1,Glass,2016-03-06,B
TEC-PH-10001363,BizWorks,1,Fabric,2022-10-17,C
TEC-PH-10000376,Apex,1,Glass,2012-01-24,A
TEC-AC-10000303,BizWorks,2,Fabric,2024-02-12,D
OFF-ST-10001809,Staples,1,Wood,2017-09-03,B
OFF-EN-10003845,Apex,5,Plastic,2022-09-24,A
TEC-AC-10000991,Apex,1,Plastic,2020-01-01,C
FUR-TA-10001857,WorkSmart,1,Fabric,2011-02-07,C
OFF-EN-10001434,Apex,3,Metal,2024-04-23,A
OFF-BI-10002498,OfficePro,1,Paper,2015-09-18,A
FUR-FU-10004864,WorkSmart,1,Glass,2016-02-06,C
FUR-FU-10000073,Apex,2,Wood,2019-05-04,A
OFF-BI-10001670,WorkSmart,1,Plastic,2018-03-10,D
OFF-BI-10001658,Global,1,Fabric,2022-09-18,C
FUR-CH-10001215,WorkSmart,1,Metal,2013-02-23,B
OFF-BI-10000831,Acme,2,Metal,2010-03-04,B
OFF-PA-10000357,OfficePro,5,Metal,2023-07-11,B
OFF-AR-10001662,Staples,3,Glass,2018-08-20,B
OFF-AR-10003856,Acme,1,Paper,2012-10-05,C
OFF-ST-10001228,Acme,1,Composite,2015-07-25,D
OFF-BI-10003527,Acme,2,Glass,2013-08-15,B
FUR-FU-10001290,Apex,5,Paper,2015-09-13,B
TEC-AC-10002399,WorkSmart,1,Metal,2012-01-22,A
OFF-AR-10003811,WorkSmart,1,Fabric,2021-05-07,B
OFF-AR-10001246,BizWorks,3,Wood,2011-10-20,B
TEC-CO-10003236,Apex,5,Paper,2014-07-19,B
OFF-ST-10004507,OfficePro,1,Fabric,2011-12-02,A
OFF-PA-10001667,Apex,1,Glass,2012-12-16,C
OFF-ST-10004459,Apex,1,Glass,2015-11-27,B
OFF-ST-10000736,Apex,1,Metal,2014-03-21,C
OFF-BI-10000285,OfficePro,2,Wood,2018-04-21,C
TEC-PH-10003555,BizWorks,2,Plastic,2015-06-07,B
TEC-AC-10003832,OfficePro,2,Plastic,2010-11-11,B
OFF-FA-10002815,Global,1,Glass,2018-06-09,B
FUR-CH-10003379,BizWorks,1,Fabric,2024-01-01,A
OFF-ST-10004963,Global,1,Wood,2022-12-17,C
OFF-SU-10002881,Global,1,Fabric,2016-05-03,A
OFF-EN-10001335,Global,3,Wood,2015-11-06,B
FUR-CH-10000595,WorkSmart,1,Wood,2014-07-08,A
FUR-FU-10000448,Acme,1,Glass,2018-10-25,C
TEC-PH-10000984,Acme,1,Fabric,2020-05-28,B
OFF-ST-10001325,Global,2,Glass,2016-10-14,B
OFF-BI-10002429,Global,2,Wood,2021-02-19,B
OFF-BI-10004528,Staples,3,Paper,2014-11-11,C
OFF-AP-10001271,Acme,1,Metal,2015-05-21,A
FUR-CH-10002647,Staples,3,Wood,2014-11-03,B
TEC-AC-10001432,BizWorks,1,Paper,2020-06-12,B
TEC-PH-10002262,Staples,1,Wood,2010-08-30,A
TEC-AC-10001465,Apex,5,Paper,2023-02-19,A
TEC-PH-10002597,WorkSmart,1,Fabric,2018-01-28,A
FUR-FU-10000723,BizWorks,2,Plastic,2023-03-30,A
OFF-BI-10000404,OfficePro,1,Composite,2023-05-09,B
OFF-PA-10002986,Acme,2,Wood,2016-03-06,A
OFF-SU-10001935,Global,3,Composite,2021-04-04,B
FUR-CH-10002024,BizWorks,3,Wood,2019-03-23,A
FUR-FU-10003039,Global,3,Fabric,2023-11-30,A
OFF-FA-10004248,OfficePro,2,Fabric,2011-01-02,D
OFF-ST-10001780,BizWorks,1,Paper,2017-09-28,B
OFF-AR-10003560,Acme,2,Wood,2013-06-06,A
OFF-LA-10001297,BizWorks,3,Fabric,2016-10-23,B
FUR-TA-10004256,Global,1,Fabric,2023-02-07,A
OFF-PA-10003441,Global,2,Wood,2019-11-13,A
OFF-BI-10000069,Apex,3,Paper,2019-08-23,A
OFF-AP-10003914,Staples,2,Paper,2024-02-12,D
FUR-FU-10004020,BizWorks,1,Paper,2023-07-14,C
OFF-FA-10003467,Global,3,Paper,2022-05-15,C
TEC-PH-10002496,WorkSmart,1,Plastic,2014-07-02,D
OFF-PA-10004530,Acme,1,Wood,2013-04-27,D
OFF-BI-10001107,WorkSmart,2,Glass,2022-11-17,C
OFF-PA-10004451,OfficePro,1,Plastic,2010-01-20,B
FUR-CH-10004997,BizWorks,3,Fabric,2011-11-07,B
TEC-PH-10000347,Apex,1,Plastic,2022-04-05,A
OFF-AR-10003394,Acme,1,Glass,2011-09-01,B
OFF-PA-10001450,Apex,1,Glass,2010-03-03,B
OFF-SU-10001574,Staples,5,Glass,2013-06-19,D
FUR-FU-10001475,Global,2,Paper,2016-04-04,B
OFF-SU-10004498,Acme,1,Fabric,2013-02-28,B
TEC-PH-10000586,OfficePro,1,Plastic,2014-06-17,B
OFF-BI-10002764,BizWorks,1,Plastic,2014-06-15,A
OFF-LA-10003930,Staples,2,Wood,2020-03-05,B
TEC-PH-10003800,Staples,1,Plastic,2024-05-09,B
OFF-PA-10002005,Apex,2,Fabric,2023-10-02,B
OFF-PA-10004101,Staples,2,Paper,2013-12-13,B
OFF-AR-10004078,Acme,3,Wood,2014-07-12,A
OFF-AP-10004708,Apex,2,Plastic,2016-11-07,B
FUR-FU-10001979,Staples,2,Wood,2018-12-14,B
OFF-SU-10004115,BizWorks,1,Composite,2010-10-09,B
TEC-PH-10001425,OfficePro,3,Wood,2023-08-22,B
TEC-PH-10003963,BizWorks,3,Glass,2012-10-21,A
OFF-ST-10001490,WorkSmart,1,Paper,2023-03-12,A
OFF-PA-10002120,Acme,5,Glass,2019-04-27,B
OFF-BI-10000848,OfficePro,1,Composite,2013-05-20,B
TEC-PH-10003092,OfficePro,1,Glass,2021-06-14,B
OFF-LA-10004345,Apex,1,Composite,2023-01-13,C
OFF-PA-10001204,Global,5,Wood,2023-07-29,A
TEC-PH-10004667,Apex,2,Fabric,2012-02-25,A
OFF-BI-10002949,Acme,3,Paper,2019-01-31,B
FUR-FU-10003849,Acme,1,Fabric,2014-07-26,B
FUR-FU-10000010,Apex,2,Paper,2018-03-28,B
OFF-BI-10002824,Global,1,Paper,2018-09-30,C
TEC-PH-10002538,BizWorks,3,Glass,2023-02-11,C
OFF-BI-10002103,Apex,1,Glass,2020-05-03,A
FUR-CH-10004853,Acme,1,Fabric,2016-09-12,D
OFF-AP-10000179,Global,1,Metal,2020-05-18,A
OFF-ST-10001272,Acme,3,Composite,2011-06-18,B
FUR-FU-10000221,Global,2,Glass,2011-02-06,B
OFF-AP-10001563,Global,2,Glass,2020-01-12,B
OFF-BI-10000605,Apex,2,Glass,2010-05-10,A
OFF-ST-10001963,Apex,5,Wood,2016-05-28,B
TEC-AC-10001267,Apex,3,Fabric,2021-12-20,B
TEC-PH-10002103,Global,3,Fabric,2018-02-07,A
TEC-AC-10002857,Global,1,Glass,2015-02-02,A
FUR-CH-10001482,Acme,1,Wood,2018-02-21,B
OFF-BI-10001989,OfficePro,5,Glass,2021-05-13,B
OFF-AP-10003287,Apex,2,Composite,2019-12-29,B
OFF-BI-10004728,WorkSmart,1,Wood,2017-08-18,A
FUR-FU-10000732,Acme,2,Glass,2018-06-25,C
OFF-ST-10000585,Acme,5,Paper,2019-08-14,A
OFF-LA-10002787,Staples,1,Metal,2023-04-23,C
OFF-PA-10001934,Apex,2,Paper,2013-05-05,B
OFF-AP-10002457,BizWorks,3,Metal,2011-10-04,B
OFF-FA-10003112,Acme,2,Wood,2019-01-28,C
OFF-AP-10002350,Staples,1,Paper,2011-12-25,A
TEC-AC-10001142,WorkSmart,5,Composite,2023-05-30,A
TEC-AC-10001101,WorkSmart,5,Paper,2012-01-08,B
OFF-AP-10002439,BizWorks,3,Fabric,2023-04-16,A
OFF-BI-10002827,Apex,2,Metal,2013-07-23,B
OFF-EN-10002230,Global,1,Metal,2019-07-13,A
OFF-ST-10001511,Staples,5,Glass,2010-12-06,C
OFF-SU-10004231,Global,1,Composite,2010-06-02,B
TEC-PH-10004042,WorkSmart,3,Metal,2013-11-22,A
FUR-FU-10003096,WorkSmart,5,Metal,2018-05-10,C
FUR-FU-10002759,OfficePro,2,Glass,2011-03-03,B
FUR-TA-10000688,OfficePro,3,Composite,2019-09-29,B
OFF-PA-10002377,BizWorks,3,Paper,2013-02-09,B
OFF-AR-10001954,OfficePro,1,Wood,2016-06-30,B
OFF-AP-10004532,OfficePro,2,Paper,2019-02-12,B
OFF-PA-10002137,BizWorks,1,Fabric,2012-08-07,B
OFF-AP-10000804,Acme,2,Fabric,2013-10-05,A
TEC-AC-10003614,OfficePro,1,Metal,2012-08-14,D
FUR-FU-10003553,Acme,2,Fabric,2014-08-29,C
OFF-BI-10004632,Acme,3,Wood,2018-01-20,A
OFF-BI-10003305,Apex,5,Metal,2016-10-18,C
OFF-ST-10002583,Acme,1,Glass,2013-07-27,B
TEC-MA-10004125,Acme,2,Fabric,2011-01-06,A
OFF-LA-10001934,OfficePro,2,Glass,2018-02-28,A
FUR-BO-10004015,Acme,5,Plastic,2016-04-15,A
FUR-FU-10004071,Global,2,Plastic,2023-02-20,C
OFF-ST-10002444,BizWorks,2,Plastic,2015-10-27,B
TEC-AC-10002253,OfficePro,5,Glass,2018-02-14,B
OFF-PA-10000743,BizWorks,1,Plastic,2021-05-08,A
OFF-LA-10002312,Staples,5,Paper,2017-07-05,B
OFF-LA-10003510,OfficePro,5,Plastic,2023-12-07,B
OFF-AR-10001118,Acme,5,Metal,2021-01-04,C
OFF-BI-10001575,Global,1,Composite,2016-06-22,D
FUR-FU-10003394,BizWorks,2,Paper,2024-04-27,B
FUR-TA-10002774,OfficePro,3,Composite,2012-02-02,B
OFF-PA-10001800,Global,1,Metal,2021-02-14,B
OFF-AP-10001469,BizWorks,2,Metal,2012-10-01,C
FUR-BO-10003272,Staples,1,Wood,2020-04-13,A
OFF-EN-10001219,WorkSmart,1,Paper,2017-10-17,B
OFF-AP-10001154,Staples,2,Composite,2010-12-16,C
TEC-AC-10001606,WorkSmart,2,Plastic,2018-02-12,A
OFF-BI-10003355,Apex,1,Metal,2011-11-18,A
FUR-FU-10002253,WorkSmart,2,Plastic,2022-09-12,B
OFF-PA-10004092,Apex,2,Composite,2018-07-24,A
FUR-TA-10000198,OfficePro,2,Glass,2022-03-15,B
OFF-ST-10000036,Apex,2,Paper,2017-07-18,B
FUR-FU-10000222,Global,2,Fabric,2019-08-26,B
OFF-SU-10004664,Apex,2,Glass,2019-12-04,A
OFF-EN-10001141,Global,1,Glass,2017-06-25,D
TEC-PH-10002170,BizWorks,2,Fabric,2014-08-21,A
OFF-PA-10001954,BizWorks,2,Metal,2017-12-02,C
FUR-TA-10002228,WorkSmart,2,Wood,2020-06-08,A
OFF-ST-10004634,WorkSmart,1,Plastic,2021-06-12,B
TEC-AC-10003610,WorkSmart,3,Metal,2011-11-16,A
FUR-BO-10001619,Apex,1,Wood,2021-11-19,A
OFF-BI-10000138,WorkSmart,5,Plastic,2017-12-29,A
TEC-AC-10001383,Apex,1,Composite,2020-04-14,B
OFF-LA-10003223,Apex,5,Glass,2018-12-28,B
OFF-BI-10004094,Acme,2,Glass,2022-11-05,A
OFF-PA-10004971,Acme,2,Fabric,2021-01-09,D
OFF-SU-10004261,Apex,1,Wood,2013-03-02,A
TEC-PH-10000004,BizWorks,1,Plastic,2018-05-20,B
OFF-BI-10003638,Global,1,Metal,2022-03-04,A
FUR-FU-10003577,OfficePro,1,Plastic,2016-05-18,B
OFF-BI-10000546,Staples,2,Metal,2013-07-16,C
TEC-CO-10002095,Acme,1,Glass,2015-02-28,B
FUR-TA-10001095,Apex,3,Fabric,2014-04-10,A
OFF-LA-10004484,Staples,1,Fabric,2012-09-10,A
OFF-EN-10001532,Acme,5,Plastic,2015-08-30,C
TEC-AC-10003174,OfficePro,2,Plastic,2015-02-07,A
OFF-BI-10004187,Global,1,Metal,2015-06-03,B
OFF-ST-10000025,Apex,2,Metal,2014-10-03,A
FUR-FU-10004306,OfficePro,1,Wood,2016-09-18,A
FUR-CH-10003746,BizWorks,1,Glass,2024-05-01,A
OFF-BI-10001036,Acme,2,Wood,2015-04-03,C
OFF-BI-10000301,Apex,2,Wood,2011-12-02,C
OFF-AR-10004648,Staples,5,Plastic,2021-01-29,B
FUR-FU-10002597,BizWorks,2,Paper,2015-09-05,A
OFF-AR-10003405,BizWorks,5,Paper,2022-10-06,B
FUR-CH-10002335,WorkSmart,5,Paper,2020-04-11,B
OFF-PA-10003657,Global,3,Paper,2011-01-30,B
FUR-BO-10004409,BizWorks,2,Wood,2015-05-11,A
TEC-AC-10000057,Acme,1,Plastic,2018-05-07,D
OFF-EN-10000056,Global,1,Paper,2019-06-15,B
OFF-BI-10000014,Apex,2,Fabric,2011-06-07,D
FUR-CH-10004675,WorkSmart,2,Composite,2014-04-12,A
OFF-BI-10001132,OfficePro,1,Fabric,2017-12-19,A
FUR-CH-10003199,Global,2,Plastic,2024-03-30,A
TEC-PH-10001530,Staples,1,Plastic,2017-10-20,C
OFF-LA-10001569,Acme,3,Composite,2011-07-04,B
OFF-PA-10000176,Staples,1,Metal,2014-01-08,C
OFF-LA-10002271,Global,2,Metal,2012-04-12,C
FUR-FU-10004090,WorkSmart,3,Metal,2022-04-10,B
OFF-AP-10000576,OfficePro,1,Wood,2023-11-07,B
OFF-PA-10003953,OfficePro,2,Metal,2013-11-22,C
FUR-FU-10000794,Staples,3,Glass,2010-10-13,B
OFF-AR-10001897,Apex,1,Wood,2017-07-08,B
TEC-PH-10001795,Apex,1,Wood,2020-04-23,B
TEC-AC-10004901,WorkSmart,1,Metal,2022-03-23,C
OFF-AR-10003190,OfficePro,2,Metal,2013-12-16,B
OFF-AP-10000240,Staples,2,Composite,2014-01-06,D
TEC-AC-10001838,Staples,1,Paper,2014-11-12,A
OFF-PA-10003651,Staples,2,Composite,2020-01-04,B
OFF-BI-10003094,Global,1,Wood,2012-07-03,A
FUR-CH-10001394,WorkSmart,3,Composite,2010-10-15,A
OFF-BI-10004230,Apex,1,Wood,2021-06-22,C
OFF-PA-10003395,Apex,3,Plastic,2015-09-20,D
TEC-AC-10002402,Global,2,Wood,2022-02-13,C
TEC-AC-10003441,Acme,3,Wood,2014-12-10,D
OFF-FA-10002280,Global,2,Composite,2013-03-24,A
OFF-SU-10000381,WorkSmart,2,Paper,2016-12-26,A
OFF-EN-10004459,Staples,1,Plastic,2021-12-19,B
FUR-CH-10000665,Global,3,Fabric,2014-05-08,C
OFF-AP-10003884,Staples,2,Fabric,2015-05-11,A
TEC-PH-10001557,WorkSmart,2,Paper,2014-11-11,D
TEC-PH-10002085,BizWorks,2,Fabric,2023-04-25,B
OFF-AR-10002956,WorkSmart,3,Plastic,2012-09-14,D
OFF-AP-10003266,OfficePro,2,Metal,2013-04-18,B
TEC-MA-10004002,Staples,1,Plastic,2019-02-13,B
OFF-BI-10001071,Apex,2,Composite,2013-01-24,C
OFF-PA-10001560,Global,2,Glass,2010-07-16,C
OFF-AR-10002578,BizWorks,5,Wood,2020-11-19,A
FUR-BO-10001519,WorkSmart,3,Wood,2011-06-10,D
OFF-BI-10001294,Staples,2,Composite,2022-12-11,C
OFF-BI-10001636,BizWorks,1,Composite,2013-11-11,A
OFF-SU-10002503,Acme,3,Glass,2022-05-01,A
OFF-LA-10004093,OfficePro,2,Glass,2013-07-16,B
FUR-FU-10003878,Acme,5,Wood,2013-04-09,B
TEC-AC-10000710,WorkSmart,1,Glass,2015-05-03,C
OFF-AR-10002335,Acme,1,Glass,2020-01-04,A
OFF-PA-10001870,Acme,1,Glass,2023-02-08,B
OFF-PA-10001019,OfficePro,2,Paper,2016-01-27,B
OFF-SU-10002537,OfficePro,5,Metal,2021-08-25,A
OFF-ST-10003221,OfficePro,1,Glass,2019-10-21,B
OFF-AR-10003752,BizWorks,3,Metal,2012-10-14,A
TEC-AC-10001714,OfficePro,2,Metal,2018-08-20,A
OFF-AR-10003958,Acme,3,Composite,2024-03-04,B
TEC-PH-10002923,Apex,1,Glass,2019-10-31,D
OFF-LA-10004272,Apex,3,Wood,2021-07-09,A
FUR-FU-10000965,OfficePro,1,Paper,2021-02-21,B
OFF-LA-10004853,BizWorks,3,Wood,2010-02-17,A
OFF-BI-10003719,Global,1,Glass,2020-01-12,A
OFF-BI-10000545,Staples,2,Wood,2022-03-30,B
OFF-PA-10003591,WorkSmart,3,Glass,2012-04-07,C
OFF-PA-10001790,BizWorks,1,Paper,2022-12-06,A
TEC-AC-10002049,Global,1,Plastic,2024-01-10,D
OFF-BI-10003712,WorkSmart,2,Paper,2015-09-21,A
OFF-BI-10003984,Global,2,Plastic,2015-08-19,C
FUR-FU-10001424,Global,2,Fabric,2012-03-29,C
OFF-BI-10002071,Apex,1,Plastic,2023-01-05,B
OFF-ST-10002486,Staples,1,Metal,2020-11-28,A
TEC-AC-10000927,Global,2,Metal,2020-01-29,B
OFF-PA-10001622,OfficePro,1,Paper,2014-12-17,B
OFF-AR-10003158,WorkSmart,5,Metal,2023-05-18,C
TEC-PH-10002660,BizWorks,1,Metal,2018-07-12,B
OFF-BI-10003364,Apex,2,Fabric,2024-05-17,B
OFF-EN-10001099,WorkSmart,1,Metal,2014-06-18,C
OFF-PA-10002250,OfficePro,1,Composite,2014-03-24,D
OFF-BI-10004716,OfficePro,2,Composite,2019-10-20,B
OFF-LA-10001045,Global,2,Composite,2015-03-20,C
OFF-BI-10001510,OfficePro,1,Plastic,2013-12-07,B
OFF-PA-10002947,Staples,1,Paper,2023-10-11,B
OFF-PA-10000019,OfficePro,1,Paper,2019-01-31,B
FUR-BO-10003441,Global,3,Wood,2019-08-22,C
TEC-PH-10004774,WorkSmart,2,Fabric,2018-05-18,B
OFF-BI-10003684,OfficePro,1,Composite,2021-04-09,B
TEC-PH-10001494,Apex,2,Composite,2012-09-25,B
TEC-AC-10004666,BizWorks,3,Metal,2013-12-02,B
OFF-ST-10003816,Apex,3,Composite,2022-06-19,B
FUR-TA-10001520,Apex,5,Metal,2018-05-20,C
OFF-ST-10001558,WorkSmart,1,Metal,2010-09-22,B
TEC-AC-10002473,Acme,1,Wood,2020-03-20,A
TEC-PH-10004531,BizWorks,1,Plastic,2016-03-24,C
OFF-AP-10004487,Apex,3,Metal,2020-08-11,C
OFF-PA-10003543,Apex,5,Metal,2019-01-31,B
TEC-AC-10004353,Acme,2,Paper,2015-08-09,A
OFF-AR-10001468,WorkSmart,1,Wood,2018-08-11,D
OFF-PA-10002195,BizWorks,2,Metal,2018-10-27,C
OFF-PA-10001745,Apex,1,Fabric,2018-08-07,A
OFF-BI-10004826,Global,1,Plastic,2023-11-13,A
OFF-PA-10000289,WorkSmart,2,Fabric,2023-06-02,B
OFF-AP-10003040,BizWorks,1,Composite,2013-06-07,B
OFF-PA-10000350,Apex,1,Plastic,2011-12-24,A
OFF-BI-10001759,Apex,2,Composite,2024-03-19,B
OFF-ST-10001496,Acme,1,Paper,2023-12-16,B
OFF-BI-10002931,BizWorks,1,Glass,2010-03-25,C
FUR-TA-10002356,Global,1,Glass,2023-03-29,B
FUR-FU-10003601,WorkSmart,3,Glass,2019-03-25,B
FUR-TA-10004154,OfficePro,3,Metal,2020-06-16,D
OFF-PA-10000788,Staples,1,Wood,2019-03-19,A
FUR-FU-10001940,Global,2,Fabric,2014-10-24,A
OFF-BI-10004465,OfficePro,1,Composite,2021-10-28,C
OFF-PA-10002333,Global,2,Metal,2017-08-12,A
FUR-FU-10004188,BizWorks,3,Glass,2019-01-01,C
OFF-BI-10000145,OfficePro,3,Fabric,2016-09-18,A
OFF-LA-10001613,BizWorks,2,Fabric,2010-11-25,A
OFF-LA-10004055,OfficePro,5,Paper,2011-03-02,D
OFF-PA-10004621,Global,5,Paper,2012-02-09,B
OFF-PA-10001281,Acme,3,Glass,2020-11-19,C
OFF-ST-10001097,Global,2,Composite,2011-08-31,A
FUR-FU-10001095,BizWorks,1,Glass,2015-01-27,A
OFF-BI-10002012,Global,1,Glass,2017-04-26,C
OFF-PA-10004156,OfficePro,1,Metal,2015-10-26,B
OFF-AR-10000034,Staples,1,Wood,2013-07-24,B
TEC-PH-10000560,OfficePro,3,Glass,2023-09-25,A
OFF-EN-10000461,Apex,2,Composite,2011-04-11,B
TEC-MA-10003066,Global,5,Fabric,2015-05-19,C
OFF-BI-10004022,WorkSmart,1,Fabric,2015-04-30,C
OFF-AR-10001988,Global,1,Plastic,2016-12-14,B
OFF-PA-10003625,Acme,3,Glass,2016-06-18,B
OFF-BI-10003925,BizWorks,1,Metal,2015-08-02,B
TEC-PH-10001530,WorkSmart,1,Plastic,2013-03-30,B
OFF-EN-10003862,OfficePro,5,Paper,2020-10-09,C
OFF-ST-10004258,Acme,3,Wood,2018-10-23,A
FUR-FU-10002885,Global,2,Composite,2017-08-14,A
TEC-AC-10003033,OfficePro,3,Glass,2012-02-17,D
OFF-ST-10000046,OfficePro,2,Fabric,2019-04-03,A
OFF-BI-10002049,Apex,3,Metal,2016-08-15,A
FUR-FU-10001602,Apex,3,Fabric,2021-03-01,B
OFF-ST-10003722,Staples,1,Glass,2021-09-02,C
TEC-AC-10003198,Apex,2,Paper,2016-09-05,B
FUR-FU-10002191,BizWorks,1,Plastic,2023-03-25,B
TEC-PH-10004188,WorkSmart,1,Glass,2023-09-30,D
OFF-ST-10001526,OfficePro,5,Plastic,2015-06-13,C
OFF-AR-10001166,Apex,2,Composite,2012-12-02,C
FUR-CH-10000309,Staples,3,Metal,2012-08-02,A
TEC-MA-10004212,Global,3,Paper,2010-01-29,A
OFF-EN-10003072,WorkSmart,5,Metal,2015-03-13,B
OFF-BI-10000320,Apex,3,Composite,2024-02-07,A
OFF-PA-10001166,OfficePro,2,Paper,2014-08-25,A
OFF-PA-10003656,Global,1,Paper,2017-09-15,A
TEC-PH-10000148,BizWorks,1,Plastic,2019-03-20,B
TEC-PH-10003885,OfficePro,2,Plastic,2016-10-24,B
OFF-LA-10001175,Global,1,Plastic,2014-07-24,C
OFF-PA-10000955,BizWorks,2,Fabric,2022-08-25,A
FUR-FU-10003975,BizWorks,2,Wood,2014-04-20,B
OFF-BI-10003707,WorkSmart,5,Glass,2014-09-30,A
OFF-AR-10000203,OfficePro,3,Plastic,2012-01-30,B
OFF-AR-10004790,Apex,2,Wood,2015-11-28,B
TEC-AC-10004761,Apex,1,Wood,2013-09-13,B
FUR-BO-10001811,Staples,1,Metal,2019-07-09,C
OFF-AR-10001130,Global,1,Composite,2013-06-22,C
OFF-AP-10000055,Staples,3,Fabric,2014-11-21,B
FUR-CH-10002304,Acme,1,Wood,2020-10-24,C
FUR-FU-10000293,Apex,3,Glass,2017-02-20,B
OFF-PA-10001307,Global,2,Fabric,2011-02-03,C
FUR-FU-10004460,WorkSmart,1,Metal,2017-03-15,B
OFF-AR-10000716,Staples,1,Plastic,2016-09-12,B
FUR-FU-10004622,WorkSmart,2,Paper,2014-07-28,C
OFF-BI-10003529,WorkSmart,2,Wood,2010-08-27,A
OFF-BI-10001097,WorkSmart,3,Composite,2019-09-07,B
OFF-BI-10001597,Staples,3,Paper,2020-07-28,D
OFF-FA-10001754,Acme,2,Metal,2018-07-01,C
OFF-FA-10004838,BizWorks,3,Fabric,2013-02-20,A
TEC-PH-10002115,BizWorks,2,Glass,2014-04-07,B
OFF-FA-10003059,Staples,5,Plastic,2020-03-27,C
OFF-BI-10004330,BizWorks,1,Fabric,2015-11-28,D
OFF-BI-10003669,OfficePro,3,Composite,2019-06-14,B
OFF-BI-10003727,BizWorks,1,Wood,2010-10-27,C
TEC-AC-10003447,Apex,1,Composite,2020-02-16,C
OFF-AR-10000255,Staples,1,Fabric,2021-02-05,A
OFF-AP-10002191,BizWorks,2,Fabric,2023-04-22,C
OFF-PA-10000349,Staples,1,Paper,2010-09-06,B
FUR-CH-10002880,Acme,1,Composite,2017-01-12,B
OFF-PA-10003127,OfficePro,5,Composite,2021-04-22,B
TEC-MA-10003979,Staples,3,Composite,2021-11-02,B
OFF-PA-10000029,Apex,3,Plastic,2022-10-25,C
OFF-LA-10000452,BizWorks,3,Glass,2017-10-31,B
TEC-PH-10001819,Apex,5,Fabric,2011-12-25,C
OFF-AR-10002952,BizWorks,2,Metal,2011-07-24,C
TEC-PH-10000576,Staples,1,Plastic,2010-08-08,C
OFF-PA-10000605,WorkSmart,3,Plastic,2013-10-26,B
OFF-ST-10004340,BizWorks,3,Plastic,2017-10-05,A
OFF-BI-10004001,WorkSmart,2,Paper,2015-10-24,B
FUR-TA-10004147,OfficePro,2,Glass,2021-08-02,C
OFF-AR-10001545,Apex,2,Glass,2020-12-14,A
TEC-AC-10001013,WorkSmart,5,Metal,2021-11-28,D
OFF-AR-10002255,Apex,1,Composite,2018-06-17,C
OFF-PA-10001892,BizWorks,5,Paper,2010-02-19,C
OFF-BI-10003676,BizWorks,5,Fabric,2011-05-30,B
OFF-FA-10003495,OfficePro,2,Wood,2017-08-23,B
OFF-EN-10003798,BizWorks,2,Paper,2017-08-10,C
TEC-PH-10003589,OfficePro,1,Wood,2017-03-03,B
OFF-PA-10004735,WorkSmart,1,Fabric,2015-01-12,C
FUR-BO-10002206,BizWorks,1,Metal,2022-10-16,B
OFF-PA-10000141,Staples,3,Glass,2013-03-11,C
TEC-PH-10001061,Global,2,Wood,2023-09-08,C
OFF-AR-10002375,Acme,1,Plastic,2016-02-28,A
OFF-EN-10001539,Global,1,Paper,2011-02-19,A
FUR-TA-10004086,Global,5,Wood,2016-03-18,C
OFF-PA-10000100,Apex,1,Fabric,2013-01-09,A
OFF-LA-10000973,OfficePro,5,Glass,2023-04-21,B
OFF-ST-10001476,Apex,1,Plastic,2022-10-03,B
OFF-EN-10002831,WorkSmart,2,Wood,2019-03-11,A
OFF-PA-10001763,Acme,1,Glass,2016-08-13,A
OFF-BI-10002072,WorkSmart,2,Fabric,2015-04-19,C
OFF-FA-10001561,Staples,2,Metal,2010-07-23,B
TEC-MA-10004241,Acme,1,Fabric,2010-03-10,B
OFF-AP-10003849,Apex,2,Metal,2011-05-31,D
OFF-FA-10000735,BizWorks,2,Glass,2019-10-04,A
OFF-BI-10003350,BizWorks,2,Glass,2022-03-15,A
TEC-PH-10000307,Apex,3,Plastic,2014-01-04,C
TEC-CO-10004202,WorkSmart,1,Fabric,2024-02-07,C
FUR-FU-10001852,Apex,2,Composite,2014-07-11,B
OFF-AR-10003759,Apex,5,Paper,2011-12-08,D
OFF-ST-10004337,Global,3,Composite,2014-06-14,D
FUR-TA-10001932,Staples,5,Composite,2023-01-05,A
FUR-CH-10002126,BizWorks,1,Composite,2020-05-13,A
OFF-AP-10000576,Global,3,Paper,2013-09-07,C
TEC-PH-10004700,Apex,2,Composite,2010-12-10,B
OFF-BI-10003429,OfficePro,1,Metal,2020-05-14,A
FUR-FU-10004952,Global,3,Fabric,2011-06-20,C
OFF-PA-10003172,Apex,2,Glass,2010-12-21,B
OFF-ST-10002352,BizWorks,1,Plastic,2019-09-13,B
OFF-PA-10002259,Apex,1,Composite,2023-10-03,A
OFF-BI-10002976,Staples,3,Glass,2012-09-09,B
OFF-BI-10003694,WorkSmart,1,Composite,2013-09-07,B
OFF-LA-10004425,Acme,1,Plastic,2018-03-29,A
FUR-CH-10001270,Global,2,Plastic,2011-06-11,B
TEC-PH-10004539,Global,1,Composite,2012-07-19,B
OFF-AR-10001919,Global,5,Metal,2017-07-19,D
TEC-PH-10003655,Apex,2,Glass,2016-04-01,D
OFF-BI-10004656,Staples,2,Plastic,2015-05-01,A
OFF-ST-10002344,Apex,5,Fabric,2020-10-02,C
TEC-PH-10004447,Apex,2,Glass,2016-12-16,C
FUR-CH-10003973,WorkSmart,1,Fabric,2015-04-01,C
OFF-PA-10000682,OfficePro,3,Glass,2019-03-15,B
FUR-FU-10002268,Staples,2,Metal,2014-05-13,A
TEC-AC-10001990,Global,1,Paper,2018-01-04,C
FUR-CH-10004540,Acme,3,Wood,2019-12-05,A
OFF-ST-10002292,Global,3,Metal,2013-05-08,A
OFF-AR-10004999,Apex,3,Composite,2015-05-14,B
OFF-BI-10001031,Staples,5,Wood,2012-08-23,D
OFF-BI-10002432,BizWorks,3,Composite,2023-11-08,A
FUR-FU-10001867,Staples,3,Fabric,2023-09-02,B
TEC-PH-10002200,Staples,3,Plastic,2020-01-27,B
TEC-PH-10000439,OfficePro,1,Glass,2021-10-22,C
OFF-PA-10001685,Global,1,Composite,2011-09-15,B
OFF-ST-10001418,OfficePro,3,Fabric,2022-03-07,A
OFF-ST-10000676,BizWorks,2,Metal,2023-02-09,A
OFF-AR-10001022,BizWorks,1,Composite,2022-12-10,B
OFF-EN-10003055,WorkSmart,1,Fabric,2016-06-30,A
TEC-CO-10001046,Acme,1,Plastic,2018-01-27,A
FUR-FU-10000076,WorkSmart,2,Glass,2019-01-13,B
FUR-FU-10003268,Apex,3,Composite,2013-03-14,B
FUR-FU-10003691,OfficePro,5,Paper,2023-01-02,C
OFF-AR-10003903,OfficePro,3,Fabric,2011-01-27,A
TEC-PH-10003442,WorkSmart,3,Composite,2020-06-06,B
OFF-BI-10004519,Apex,2,Plastic,2016-08-04,B
OFF-EN-10004955,Staples,1,Glass,2023-04-27,A
FUR-TA-10004619,Apex,1,Composite,2023-05-25,B
FUR-BO-10004467,Global,2,Composite,2023-10-07,A
OFF-AR-10002280,WorkSmart,1,Glass,2021-08-31,C
FUR-CH-10001708,Apex,2,Paper,2023-03-22,B
OFF-AR-10000462,Staples,2,Fabric,2011-08-04,B
TEC-PH-10004165,Apex,2,Wood,2012-03-31,A
FUR-FU-10003724,OfficePro,5,Glass,2013-06-01,A
FUR-FU-10003535,Acme,2,Composite,2010-05-04,B
OFF-ST-10003716,OfficePro,1,Wood,2022-02-26,B
TEC-PH-10004586,BizWorks,2,Metal,2015-02-18,A
OFF-BI-10004236,Acme,2,Composite,2011-06-08,A
OFF-AR-10000422,BizWorks,1,Wood,2018-07-21,B
OFF-PA-10002870,Apex,1,Metal,2021-07-26,B
OFF-ST-10000563,Global,2,Paper,2024-05-21,A
OFF-BI-10002854,Apex,5,Fabric,2018-10-04,B
FUR-CH-10001973,Staples,2,Composite,2017-08-17,B
TEC-AC-10000580,Apex,5,Fabric,2015-10-20,B
OFF-AR-10004022,Acme,3,Metal,2013-04-25,B
TEC-AC-10004209,OfficePro,1,Fabric,2012-10-23,B
TEC-AC-10000023,Global,3,Fabric,2021-04-10,A
TEC-PH-10003505,BizWorks,2,Glass,2021-09-01,A
OFF-LA-10000121,Apex,1,Plastic,2011-05-13,B
OFF-BI-10002026,Apex,2,Metal,2022-05-27,B
OFF-PA-10000994,OfficePro,3,Fabric,2017-09-06,B
OFF-BI-10002813,Global,1,Wood,2023-07-04,C
OFF-AR-10004817,WorkSmart,5,Metal,2014-08-21,C
OFF-AR-10001860,BizWorks,3,Plastic,2023-01-11,A
OFF-BI-10004970,Apex,5,Composite,2011-12-26,C
OFF-PA-10002968,Apex,1,Paper,2011-01-11,B
OFF-BI-10004632,WorkSmart,5,Fabric,2022-01-16,A
FUR-BO-10003433,BizWorks,1,Wood,2016-09-18,D
FUR-FU-10002554,Acme,1,Plastic,2020-07-26,C
TEC-PH-10003437,Acme,3,Metal,2014-08-14,D
OFF-AP-10003971,Staples,3,Paper,2023-02-25,A
FUR-CH-10003846,OfficePro,2,Paper,2023-09-22,A
OFF-LA-10001404,Global,2,Fabric,2010-09-14,B
OFF-LA-10001474,Apex,1,Plastic,2022-04-22,B
OFF-PA-10003072,BizWorks,2,Plastic,2019-11-10,A
FUR-FU-10004960,Apex,2,Wood,2010-02-20,C
TEC-AC-10003116,Staples,2,Composite,2011-08-18,B
OFF-AP-10004859,BizWorks,2,Composite,2023-06-15,B
OFF-PA-10002659,BizWorks,5,Glass,2022-12-15,B
OFF-BI-10004139,Apex,2,Composite,2020-08-09,B
OFF-AR-10002818,OfficePro,3,Glass,2019-05-30,A
OFF-AP-10001303,Staples,5,Paper,2012-12-08,D
OFF-ST-10002574,OfficePro,2,Paper,2024-05-04,B
FUR-FU-10004018,Staples,1,Metal,2014-01-16,A
TEC-PH-10002549,Apex,1,Paper,2023-05-03,C
OFF-PA-10004911,Staples,3,Paper,2018-04-09,D
TEC-MA-10002178,Acme,1,Plastic,2014-07-23,C
OFF-AR-10000411,BizWorks,2,Metal,2022-04-20,C
OFF-LA-10000262,Global,1,Plastic,2017-06-23,B
OFF-PA-10000466,Apex,1,Wood,2013-10-27,D
OFF-AR-10003829,WorkSmart,2,Glass,2020-09-02,A
OFF-BI-10001758,Global,5,Glass,2024-04-13,C
OFF-BI-10000136,Apex,2,Wood,2022-08-30,B
OFF-ST-10000649,Global,5,Glass,2023-02-02,A
OFF-PA-10003641,Acme,5,Metal,2021-01-28,B
FUR-CH-10002961,Global,1,Metal,2017-04-14,B
OFF-PA-10004041,Staples,1,Paper,2016-02-12,B
TEC-PH-10001336,Global,3,Glass,2019-02-05,A
TEC-MA-10003183,Apex,3,Wood,2021-06-29,C
TEC-AC-10001314,WorkSmart,2,Fabric,2021-07-20,A
TEC-AC-10004510,WorkSmart,5,Composite,2015-10-03,B
OFF-BI-10000042,OfficePro,1,Paper,2013-07-30,C
FUR-TA-10003008,BizWorks,1,Composite,2014-06-26,B
OFF-AP-10003590,Global,2,Wood,2013-02-14,B
OFF-PA-10000806,WorkSmart,2,Glass,2011-09-08,A
OFF-AR-10000896,Global,1,Glass,2022-09-27,B
TEC-PH-10002310,BizWorks,1,Composite,2021-07-11,D
OFF-ST-10002289,WorkSmart,1,Fabric,2014-04-16,D
OFF-PA-10001289,BizWorks,2,Glass,2012-09-03,C
OFF-FA-10000053,Global,3,Fabric,2023-02-18,A
FUR-FU-10004091,Apex,3,Plastic,2013-08-09,A
OFF-EN-10003001,Global,2,Metal,2016-05-28,A
FUR-TA-10002958,BizWorks,2,Composite,2021-12-05,B
FUR-TA-10001676,Apex,2,Glass,2015-09-28,A
OFF-BI-10000822,Apex,1,Fabric,2024-01-13,A
OFF-PA-10004888,OfficePro,1,Glass,2011-01-14,B
FUR-TA-10002622,WorkSmart,1,Metal,2019-06-28,B
OFF-PA-10000418,Staples,3,Metal,2016-03-21,B
FUR-TA-10001039,Apex,5,Plastic,2012-11-12,D
OFF-AR-10002240,BizWorks,2,Metal,2012-10-04,B
OFF-BI-10002867,WorkSmart,3,Metal,2010-04-20,C
FUR-FU-10003976,Acme,1,Paper,2017-08-03,C
TEC-PH-10002922,Global,2,Wood,2020-08-19,B
OFF-PA-10000501,BizWorks,3,Glass,2017-02-13,A
OFF-AP-10004980,Acme,2,Plastic,2018-11-18,A
TEC-PH-10001750,BizWorks,1,Plastic,2012-10-02,A
OFF-BI-10003708,Global,3,Composite,2023-02-15,B
OFF-BI-10001191,OfficePro,3,Metal,2010-11-02,D
OFF-PA-10003673,BizWorks,3,Composite,2012-08-16,D
OFF-PA-10001639,Apex,3,Paper,2012-08-11,A
TEC-AC-10004975,Staples,5,Fabric,2017-04-22,D
OFF-BI-10004364,Apex,1,Metal,2019-09-09,B
OFF-PA-10001712,Global,1,Fabric,2017-05-01,C
FUR-CH-10004289,BizWorks,1,Wood,2014-06-19,A
TEC-PH-10002564,Staples,1,Paper,2014-11-27,A
OFF-BI-10004876,Apex,2,Metal,2017-02-16,B
TEC-PH-10004348,Staples,2,Composite,2015-05-26,C
OFF-BI-10004352,Global,2,Composite,2010-03-08,A
OFF-BI-10000666,OfficePro,1,Metal,2012-04-14,A
TEC-MA-10000010,OfficePro,5,Glass,2010-07-25,D
OFF-BI-10000977,BizWorks,1,Composite,2017-10-04,D
FUR-TA-10002530,Apex,1,Glass,2021-08-21,A
FUR-FU-10001473,Acme,3,Metal,2014-09-11,C
OFF-BI-10001765,Global,3,Plastic,2014-03-13,B
FUR-CH-10000847,Apex,2,Composite,2018-08-12,B
OFF-PA-10001293,Apex,1,Glass,2018-07-18,B
OFF-AR-10000634,OfficePro,2,Metal,2011-12-09,B
FUR-FU-10004270,BizWorks,1,Metal,2010-06-28,B
OFF-AR-10003770,Staples,1,Glass,2024-02-24,B
OFF-LA-10003121,Global,2,Composite,2024-03-19,B
OFF-PA-10002262,Staples,1,Plastic,2010-04-23,C
OFF-PA-10002464,WorkSmart,1,Composite,2012-01-27,C
OFF-ST-10002214,WorkSmart,2,Metal,2012-06-15,B
OFF-PA-10000130,Global,5,Plastic,2017-11-08,A
TEC-AC-10000865,BizWorks,5,Fabric,2010-06-08,B
OFF-FA-10003021,Acme,2,Wood,2012-02-25,C
TEC-PH-10003580,WorkSmart,1,Composite,2014-12-09,B
TEC-AC-10001109,OfficePro,1,Paper,2015-01-14,B
OFF-PA-10001838,Acme,1,Metal,2018-09-04,A
OFF-ST-10004950,Apex,2,Plastic,2016-04-17,B
OFF-PA-10003823,WorkSmart,2,Glass,2021-03-02,B
TEC-PH-10001300,OfficePro,2,Glass,2014-03-23,D
FUR-TA-10003715,Apex,2,Glass,2021-07-10,B
TEC-MA-10004458,Acme,1,Plastic,2021-12-03,A
OFF-BI-10004965,Global,2,Fabric,2015-11-25,B
OFF-AR-10001419,Apex,1,Composite,2011-07-29,C
OFF-PA-10002586,Staples,2,Paper,2018-04-27,B
OFF-AR-10002221,Global,2,Glass,2013-10-13,B
FUR-FU-10002456,Global,2,Plastic,2013-05-07,B
OFF-FA-10004968,Acme,2,Glass,2016-10-10,C
OFF-PA-10001274,Acme,2,Fabric,2014-02-10,A
OFF-PA-10001125,OfficePro,1,Metal,2012-05-08,B
OFF-ST-10000344,OfficePro,1,Glass,2019-10-15,D
OFF-ST-10003324,Staples,2,Fabric,2020-03-18,D
OFF-ST-10000419,Global,1,Composite,2018-02-13,B
OFF-AP-10001626,BizWorks,2,Glass,2018-09-27,D
FUR-FU-10003981,Staples,3,Fabric,2014-05-16,B
OFF-ST-10001291,Staples,5,Plastic,2014-04-11,B
OFF-AP-10004868,BizWorks,5,Plastic,2016-11-27,B
OFF-LA-10002195,BizWorks,1,Wood,2017-02-12,A
OFF-AR-10001315,BizWorks,5,Fabric,2016-07-19,B
OFF-EN-10003134,Acme,2,Metal,2017-04-29,B
OFF-AR-10001955,Staples,2,Glass,2015-12-24,C
OFF-LA-10001641,Staples,1,Paper,2010-10-04,C
OFF-ST-10001370,Apex,3,Paper,2020-08-18,B
TEC-AC-10003038,BizWorks,1,Composite,2019-11-14,B
OFF-BI-10000088,BizWorks,3,Wood,2015-09-10,A
OFF-AR-10003504,OfficePro,1,Fabric,2021-11-21,B
OFF-EN-10003160,OfficePro,2,Metal,2022-05-04,B
TEC-AC-10003280,Global,2,Wood,2021-03-01,A
TEC-PH-10000169,OfficePro,1,Plastic,2021-05-31,B
OFF-PA-10001526,WorkSmart,1,Composite,2013-01-25,B
OFF-AP-10004336,Global,2,Glass,2023-01-21,C
OFF-PA-10001357,BizWorks,1,Glass,2016-11-28,C
OFF-FA-10000992,Apex,2,Glass,2019-03-25,B
OFF-AR-10001221,OfficePro,2,Fabric,2021-12-31,B
TEC-PH-10004830,Apex,3,Paper,2015-03-24,B
OFF-PA-10004519,OfficePro,2,Metal,2019-08-22,A
FUR-BO-10000362,OfficePro,1,Glass,2021-10-17,A
OFF-PA-10000308,Apex,1,Glass,2022-04-24,A
OFF-SU-10001165,Staples,1,Plastic,2023-01-03,A
FUR-FU-10001488,Staples,5,Wood,2018-07-03,A
OFF-AR-10003251,Staples,3,Glass,2011-05-13,A
OFF-AR-10001044,WorkSmart,1,Composite,2019-10-28,A
OFF-AR-10000823,Staples,1,Wood,2021-06-25,B
OFF-AR-10004456,OfficePro,3,Paper,2016-08-10,D
OFF-BI-10000591,BizWorks,3,Wood,2020-05-28,C
TEC-PH-10000441,Acme,3,Metal,2011-04-08,A
TEC-AC-10004855,Apex,3,Plastic,2017-07-23,B
OFF-AR-10001915,BizWorks,2,Fabric,2019-06-20,C
OFF-ST-10000352,Acme,1,Metal,2010-09-30,A
OFF-PA-10000575,BizWorks,2,Paper,2013-02-24,C
FUR-FU-10002937,WorkSmart,2,Composite,2024-04-04,B
TEC-AC-10003063,Acme,2,Paper,2019-04-13,D
TEC-AC-10002049,Global,2,Paper,2010-01-19,C
FUR-FU-10004415,Staples,1,Wood,2014-06-05,B
OFF-ST-10002011,WorkSmart,1,Composite,2018-09-14,B
TEC-PH-10000038,BizWorks,2,Metal,2021-03-05,A
OFF-PA-10002689,OfficePro,1,Paper,2011-02-16,A
TEC-CO-10001766,Staples,2,Metal,2012-01-12,B
OFF-PA-10004359,Staples,3,Glass,2017-04-25,A
OFF-FA-10001135,Acme,3,Glass,2017-08-11,A
OFF-BI-10004224,Global,2,Glass,2017-03-09,B
TEC-PH-10003357,Staples,2,Fabric,2011-05-30,C
OFF-PA-10004475,BizWorks,1,Wood,2010-07-26,A
OFF-PA-10003001,BizWorks,2,Metal,2012-08-05,A
OFF-FA-10000611,Apex,2,Glass,2016-09-07,B
OFF-BI-10001116,Apex,2,Glass,2015-01-03,B
TEC-PH-10004922,Staples,3,Composite,2019-11-08,A
OFF-BI-10002353,Acme,2,Paper,2015-12-08,D
OFF-FA-10002676,Acme,1,Glass,2014-07-15,B
TEC-AC-10003023,OfficePro,1,Fabric,2011-08-25,B
OFF-PA-10000167,WorkSmart,2,Composite,2011-12-13,A
TEC-PH-10002185,WorkSmart,2,Wood,2023-11-26,B
FUR-FU-10000758,WorkSmart,3,Fabric,2013-04-18,C
TEC-MA-10004679,Global,2,Fabric,2013-10-23,A
OFF-AP-10002495,Acme,2,Fabric,2017-05-20,B
OFF-BI-10002414,OfficePro,2,Paper,2018-12-17,A
TEC-AC-10003133,Apex,2,Glass,2023-06-27,D
TEC-AC-10002006,BizWorks,2,Plastic,2018-07-29,A
OFF-LA-10002381,WorkSmart,2,Fabric,2020-03-19,C
OFF-FA-10001843,Apex,2,Composite,2017-04-20,B
OFF-LA-10003077,Apex,1,Composite,2011-07-04,B
OFF-PA-10003424,Staples,3,Wood,2022-12-25,B
OFF-PA-10004405,Global,1,Metal,2020-11-26,A
FUR-BO-10003965,OfficePro,1,Metal,2013-05-29,B
FUR-FU-10002088,Global,1,Plastic,2020-08-22,B
TEC-AC-10000736,Staples,1,Paper,2020-12-26,A
FUR-BO-10003966,OfficePro,2,Glass,2016-12-24,C
OFF-AP-10000828,OfficePro,1,Paper,2018-10-10,A
OFF-AP-10002906,Acme,1,Glass,2012-04-25,B
OFF-AP-10003860,Global,2,Fabric,2022-06-12,B
FUR-TA-10001307,Global,2,Glass,2010-02-13,A
OFF-PA-10001457,Acme,1,Plastic,2011-10-21,B
OFF-AP-10002082,Apex,2,Wood,2023-03-17,B
TEC-AC-10003590,Staples,3,Wood,2020-10-05,B
OFF-PA-10004355,Global,5,Metal,2017-11-07,B
OFF-PA-10004947,Acme,2,Wood,2024-01-31,A
FUR-TA-10004607,BizWorks,1,Fabric,2019-12-27,C
OFF-PA-10003893,OfficePro,3,Composite,2024-05-05,B
TEC-PH-10001817,WorkSmart,2,Wood,2017-08-14,A
FUR-BO-10000330,BizWorks,1,Plastic,2014-08-19,C
OFF-BI-10001900,Acme,3,Fabric,2016-02-04,A
FUR-BO-10003159,WorkSmart,2,Wood,2018-05-25,A
FUR-FU-10001591,Apex,5,Paper,2015-05-02,B
OFF-LA-10002034,Staples,3,Glass,2013-09-27,C
OFF-BI-10001628,WorkSmart,2,Wood,2018-07-28,D
OFF-ST-10000877,Apex,3,Paper,2022-05-31,C
OFF-AR-10004752,WorkSmart,2,Fabric,2022-05-19,B
OFF-PA-10000675,OfficePro,2,Wood,2012-08-25,B
OFF-PA-10001609,OfficePro,3,Paper,2013-11-05,B
TEC-PH-10001615,OfficePro,2,Composite,2011-05-01,A
TEC-AC-10004568,OfficePro,3,Metal,2014-10-22,D
FUR-CH-10001854,Acme,3,Fabric,2019-12-10,A
OFF-AR-10000475,OfficePro,5,Paper,2018-02-16,B
TEC-PH-10000455,BizWorks,3,Plastic,2014-04-29,C
OFF-PA-10001994,OfficePro,2,Wood,2017-08-27,C
TEC-AC-10002926,BizWorks,1,Paper,2010-02-20,A
TEC-PH-10004897,Acme,3,Glass,2024-02-10,A
FUR-FU-10001196,OfficePro,1,Paper,2014-07-18,B
OFF-PA-10000595,Apex,1,Paper,2021-10-10,B
OFF-LA-10000443,Apex,1,Glass,2017-08-19,B
OFF-LA-10001771,Global,3,Metal,2024-03-17,B
OFF-AP-10001394,Apex,3,Glass,2022-09-03,D
FUR-FU-10002553,Staples,2,Glass,2015-11-26,A
OFF-AP-10004233,Staples,2,Plastic,2021-11-25,B
FUR-CH-10004754,Staples,2,Glass,2021-08-01,B
OFF-PA-10000809,Acme,2,Plastic,2018-08-28,A
FUR-FU-10002878,Apex,2,Composite,2014-06-03,A
TEC-PH-10002624,BizWorks,1,Glass,2017-06-29,D
TEC-PH-10002885,Staples,1,Metal,2011-02-11,C
TEC-PH-10000895,Global,2,Glass,2019-04-03,A
TEC-MA-10000488,Acme,2,Paper,2021-06-29,C
OFF-PA-10003729,Global,2,Fabric,2013-10-16,A
OFF-AP-10001005,Apex,5,Metal,2020-02-13,B
FUR-CH-10000988,OfficePro,1,Glass,2022-04-27,A
FUR-FU-10001986,Global,1,Metal,2023-06-11,C
FUR-FU-10004973,OfficePro,2,Plastic,2017-12-12,A
OFF-ST-10000464,Acme,1,Composite,2014-06-18,B
OFF-PA-10000528,Global,1,Composite,2018-12-07,C
OFF-PA-10003129,Global,1,Metal,2012-10-23,A
OFF-AR-10003631,WorkSmart,2,Metal,2018-03-09,B
OFF-BI-10002133,Acme,1,Glass,2024-01-04,A
TEC-PH-10004959,Acme,3,Wood,2016-02-03,B
FUR-BO-10001918,Staples,2,Paper,2017-12-30,B
FUR-FU-10001617,Apex,1,Plastic,2021-10-25,B
TEC-PH-10002824,Global,3,Paper,2021-09-08,D
OFF-PA-10003309,Global,1,Fabric,2017-08-15,B
OFF-ST-10002554,BizWorks,3,Fabric,2013-11-14,A
OFF-AR-10002067,Acme,5,Composite,2022-08-03,B
FUR-TA-10004175,Acme,1,Plastic,2019-12-28,C
FUR-TA-10004767,Apex,5,Paper,2017-09-09,D
OFF-EN-10002621,Acme,3,Composite,2019-02-14,A
OFF-LA-10003714,OfficePro,5,Fabric,2015-12-19,B
FUR-FU-10001889,OfficePro,2,Metal,2012-03-08,C
OFF-AR-10003723,WorkSmart,1,Plastic,2017-10-17,C
OFF-PA-10000241,OfficePro,3,Plastic,2012-07-18,B
OFF-AR-10001446,OfficePro,1,Paper,2023-03-12,A
OFF-BI-10001359,Apex,1,Glass,2018-06-19,A
OFF-EN-10001749,Global,1,Wood,2016-03-12,A
OFF-BI-10004390,OfficePro,1,Paper,2013-08-26,D
TEC-PH-10004924,WorkSmart,2,Metal,2013-06-28,A
FUR-CH-10000155,Acme,3,Glass,2022-07-20,B
OFF-BI-10001757,OfficePro,5,Glass,2019-07-13,B
FUR-FU-10004093,WorkSmart,1,Glass,2019-02-25,B
FUR-FU-10001037,Apex,5,Metal,2013-05-02,B
OFF-PA-10001878,BizWorks,5,Composite,2014-01-04,B
TEC-MA-10003674,BizWorks,1,Plastic,2022-01-26,B
OFF-LA-10003190,BizWorks,1,Composite,2021-06-06,A
TEC-PH-10001809,Acme,3,Metal,2023-01-23,B
OFF-BI-10003091,WorkSmart,2,Wood,2010-01-14,C
FUR-CH-10003981,OfficePro,3,Plastic,2016-04-12,D
OFF-ST-10002562,Global,3,Metal,2015-08-08,B
TEC-PH-10004345,Acme,2,Wood,2012-11-03,C
TEC-PH-10001198,Acme,1,Paper,2021-04-21,B
OFF-PA-10001972,BizWorks,2,Fabric,2013-12-30,B
TEC-PH-10002483,Global,1,Glass,2010-09-14,D
FUR-BO-10000468,BizWorks,2,Metal,2021-04-22,B
TEC-AC-10001284,Acme,3,Fabric,2021-02-25,A
OFF-BI-10002082,OfficePro,2,Composite,2013-07-07,D
OFF-ST-10001505,BizWorks,5,Fabric,2019-07-20,C
OFF-AR-10004582,BizWorks,2,Metal,2015-12-25,B
TEC-AC-10002842,BizWorks,3,Fabric,2010-12-25,D
OFF-AP-10004785,Acme,2,Glass,2020-05-19,B
TEC-AC-10002217,OfficePro,5,Plastic,2023-04-12,B
OFF-BI-10002954,Global,3,Metal,2018-09-23,B
OFF-AP-10003281,Staples,1,Wood,2022-04-27,A
OFF-SU-10000898,Global,5,Fabric,2013-05-10,B
OFF-BI-10001249,OfficePro,2,Plastic,2016-04-16,A
TEC-AC-10002718,Apex,1,Glass,2010-10-05,A
TEC-PH-10002352,BizWorks,2,Composite,2021-07-09,B
FUR-CH-10003774,Global,3,Composite,2015-06-10,B
OFF-AR-10000127,Apex,2,Glass,2019-09-15,A
TEC-PH-10003811,Apex,1,Fabric,2017-08-25,D
OFF-BI-10002393,OfficePro,3,Composite,2011-01-27,B
FUR-TA-10002855,OfficePro,3,Wood,2012-08-26,A
OFF-EN-10000781,BizWorks,2,Metal,2015-12-31,B
OFF-PA-10002160,Staples,1,Plastic,2024-02-08,C
OFF-AR-10002257,WorkSmart,1,Paper,2016-02-07,B
OFF-FA-10004395,Acme,3,Fabric,2017-03-11,A
OFF-AP-10002534,Global,3,Composite,2017-10-16,A
FUR-BO-10003034,OfficePro,1,Metal,2021-12-13,B
OFF-ST-10000943,Global,1,Paper,2019-01-21,B
OFF-PA-10000533,WorkSmart,1,Wood,2017-02-13,B
OFF-ST-10001172,WorkSmart,3,Composite,2017-05-04,D
OFF-PA-10001661,BizWorks,1,Composite,2021-12-19,A
OFF-BI-10004817,Apex,1,Plastic,2023-04-01,C
FUR-CH-10003833,BizWorks,1,Wood,2010-03-27,D
FUR-FU-10003142,Acme,2,Wood,2018-08-01,D
TEC-AC-10001114,Staples,2,Fabric,2022-04-27,D
OFF-FA-10002975,Global,1,Paper,2016-02-18,C
OFF-ST-10003996,Acme,5,Plastic,2019-03-19,B
OFF-BI-10002571,Staples,1,Fabric,2015-08-08,B
OFF-PA-10000477,Global,1,Plastic,2012-11-20,B
OFF-BI-10004209,Acme,5,Wood,2019-04-25,C
TEC-AC-10002800,OfficePro,2,Plastic,2020-03-18,B
FUR-TA-10003954,Global,2,Plastic,2017-04-23,A
TEC-AC-10003289,Acme,1,Plastic,2010-10-03,A
TEC-PH-10002468,WorkSmart,3,Metal,2022-12-30,C
OFF-PA-10001295,Staples,2,Metal,2021-03-14,C
OFF-LA-10000248,Acme,3,Paper,2013-01-10,B
OFF-FA-10004076,OfficePro,1,Paper,2022-10-26,A
OFF-LA-10004008,BizWorks,2,Glass,2018-01-11,B
OFF-AR-10001177,Global,3,Wood,2010-05-09,A
OFF-BI-10001718,Global,5,Plastic,2021-11-30,B
OFF-AR-10004602,Global,1,Wood,2021-11-05,B
OFF-ST-10000078,OfficePro,3,Metal,2019-10-09,D
OFF-PA-10000357,Staples,1,Plastic,2024-05-23,B
OFF-AR-10004272,Global,2,Fabric,2016-07-30,B
TEC-PH-10001578,Staples,1,Metal,2014-07-06,C
OFF-ST-10003638,Acme,2,Metal,2019-09-27,B
FUR-BO-10002213,WorkSmart,1,Metal,2020-08-27,A
OFF-EN-10003040,WorkSmart,1,Glass,2016-01-03,B
TEC-PH-10000923,Staples,1,Plastic,2015-08-10,D
FUR-FU-10003623,Staples,1,Paper,2018-07-02,B
OFF-AP-10000124,WorkSmart,5,Composite,2021-12-04,B
OFF-AR-10004511,Global,5,Fabric,2015-11-05,D
OFF-PA-10003883,Apex,3,Fabric,2012-04-22,C
TEC-PH-10002807,Apex,1,Wood,2015-05-26,B
FUR-FU-10002364,OfficePro,2,Plastic,2021-12-09,C
OFF-SU-10001664,BizWorks,3,Paper,2020-09-08,D
FUR-TA-10003238,WorkSmart,5,Metal,2019-11-23,D
TEC-PH-10001536,WorkSmart,2,Composite,2011-01-27,D
OFF-AR-10004956,OfficePro,3,Plastic,2016-03-29,B
OFF-AR-10003696,Apex,5,Plastic,2012-06-19,B
OFF-PA-10000551,Acme,3,Glass,2022-10-28,A
OFF-BI-10004506,Global,1,Paper,2016-10-30,B
OFF-PA-10000740,Global,1,Composite,2013-02-26,D
FUR-CH-10002084,Acme,2,Metal,2013-07-18,C
OFF-AP-10000692,Acme,2,Plastic,2011-04-11,B
OFF-AP-10000252,Apex,1,Fabric,2015-12-16,B
FUR-FU-10004748,OfficePro,1,Fabric,2018-11-20,B
FUR-FU-10001473,Acme,3,Composite,2024-02-02,B
OFF-AR-10000538,OfficePro,2,Metal,2011-05-03,C
TEC-PH-10001079,BizWorks,1,Composite,2018-01-17,B
OFF-AP-10003842,Staples,2,Plastic,2017-03-11,A
FUR-CH-10000553,Global,2,Glass,2012-08-07,B
OFF-AR-10003469,Apex,3,Glass,2022-04-29,A
OFF-PA-10003790,Global,1,Fabric,2012-11-15,D
FUR-BO-10002202,Apex,3,Glass,2024-03-30,B
OFF-AP-10002765,Staples,2,Wood,2021-02-27,D
OFF-ST-10003692,Global,1,Composite,2022-03-18,A
TEC-PH-10001051,Staples,3,Glass,2013-10-22,A
OFF-AR-10000817,Apex,1,Wood,2012-12-19,B
OFF-SU-10000952,Acme,1,Wood,2022-09-21,C
FUR-FU-10004597,BizWorks,2,Paper,2014-07-17,B
OFF-BI-10002982,Global,1,Fabric,2022-01-05,A
OFF-PA-10004285,Staples,1,Composite,2014-12-23,A
OFF-AP-10001391,WorkSmart,3,Wood,2010-07-10,B
OFF-PA-10000477,Global,1,Plastic,2011-04-06,A
TEC-PH-10001944,Global,5,Glass,2016-11-26,B
OFF-PA-10001776,Global,2,Paper,2019-07-09,B
TEC-AC-10004145,OfficePro,1,Metal,2017-05-29,A
OFF-PA-10003919,Staples,1,Glass,2021-12-15,A
OFF-PA-10002001,Staples,2,Glass,2013-03-03,A
OFF-PA-10002787,Global,2,Glass,2021-09-06,D
OFF-ST-10003123,Acme,1,Paper,2010-01-28,B
FUR-FU-10000308,Global,1,Metal,2021-08-02,D
TEC-CO-10003763,OfficePro,3,Fabric,2018-02-20,A
FUR-TA-10001866,Apex,1,Composite,2018-04-13,C
OFF-AP-10002222,OfficePro,3,Composite,2023-08-24,A
OFF-PA-10003971,Acme,2,Metal,2013-06-18,B
OFF-AP-10004036,Global,2,Glass,2012-05-05,C
OFF-AP-10002287,Staples,1,Plastic,2021-01-08,C
FUR-TA-10001950,BizWorks,1,Metal,2013-06-05,C
TEC-PH-10001527,WorkSmart,3,Metal,2022-08-10,C
TEC-AC-10003095,Global,1,Composite,2020-08-06,A
TEC-AC-10000358,Acme,1,Wood,2013-08-19,B
OFF-EN-10004147,Staples,2,Plastic,2012-10-22,B
FUR-FU-10001468,OfficePro,1,Composite,2010-12-28,C
OFF-PA-10000380,Apex,2,Paper,2013-05-03,A
OFF-AP-10000026,Apex,3,Metal,2011-08-29,D
OFF-PA-10003936,BizWorks,2,Wood,2014-07-29,B
FUR-FU-10002501,Global,5,Plastic,2023-03-05,B
OFF-AP-10001205,OfficePro,3,Fabric,2016-04-16,A
OFF-PA-10000659,BizWorks,1,Plastic,2016-01-04,B
OFF-BI-10004141,WorkSmart,1,Plastic,2022-03-02,C
OFF-BI-10000632,WorkSmart,2,Glass,2013-07-01,B
TEC-AC-10004864,BizWorks,2,Metal,2011-02-03,D
TEC-MA-10000597,Acme,1,Metal,2015-12-13,C
OFF-PA-10002960,Apex,5,Fabric,2017-09-11,B
OFF-PA-10000919,OfficePro,2,Fabric,2017-04-06,C
OFF-BI-10001553,Global,1,Fabric,2018-01-18,B
OFF-AP-10004540,Staples,2,Composite,2012-04-01,B
FUR-CH-10001714,Global,1,Composite,2023-09-07,A
FUR-FU-10002298,Global,3,Metal,2012-08-02,B
OFF-AR-10000315,OfficePro,2,Metal,2019-07-11,B
OFF-FA-10000936,Apex,1,Fabric,2017-08-11,C
OFF-SU-10004768,OfficePro,1,Composite,2022-02-16,B
OFF-PA-10002581,Staples,3,Wood,2024-01-27,A
FUR-FU-10004848,BizWorks,2,Composite,2022-03-09,B
OFF-AP-10002403,OfficePro,5,Metal,2013-04-11,A
OFF-AR-10003087,Acme,1,Composite,2013-04-27,C
TEC-PH-10000141,Global,1,Metal,2012-04-03,C
TEC-CO-10000971,Apex,1,Fabric,2024-01-09,B
OFF-FA-10001229,WorkSmart,2,Glass,2015-03-12,C
OFF-BI-10002437,Staples,1,Fabric,2021-09-03,B
OFF-PA-10004255,WorkSmart,1,Fabric,2016-08-12,B
OFF-PA-10001184,Global,2,Wood,2011-06-20,A
TEC-AC-10002637,OfficePro,2,Glass,2018-03-30,B
FUR-BO-10000780,WorkSmart,1,Wood,2017-03-12,C
TEC-PH-10003072,Acme,2,Metal,2020-05-05,A
TEC-MA-10000112,OfficePro,3,Plastic,2012-08-07,B
TEC-AC-10004171,Global,1,Paper,2019-08-10,B
FUR-TA-10002645,WorkSmart,1,Wood,2021-10-12,A
OFF-BI-10003784,BizWorks,1,Metal,2011-06-28,A
OFF-BI-10001617,Staples,3,Glass,2020-09-05,A
FUR-CH-10002439,WorkSmart,3,Composite,2020-04-11,D
OFF-AP-10003057,BizWorks,1,Glass,2021-07-26,C
FUR-TA-10000849,BizWorks,1,Fabric,2015-09-14,B
OFF-EN-10002973,WorkSmart,3,Fabric,2017-11-06,C
OFF-BI-10003963,Apex,5,Fabric,2016-02-25,A
OFF-LA-10000081,WorkSmart,2,Metal,2015-01-11,B
OFF-PA-10000726,Global,5,Fabric,2010-03-18,A
OFF-PA-10004983,BizWorks,2,Wood,2011-01-04,A
FUR-FU-10002107,Staples,3,Composite,2022-08-27,C
FUR-BO-10002213,Global,1,Fabric,2010-12-15,A
FUR-CH-10001190,Acme,2,Metal,2022-08-07,C
TEC-AC-10000682,OfficePro,1,Composite,2022-12-22,B
OFF-LA-10004545,WorkSmart,3,Fabric,2021-11-12,A
OFF-SU-10002557,Apex,5,Plastic,2013-12-26,C
TEC-PH-10000912,Staples,2,Fabric,2015-12-26,B
OFF-ST-10001837,Apex,1,Paper,2020-06-08,B
OFF-AR-10001473,Apex,1,Glass,2018-12-17,A
TEC-PH-10001835,Apex,1,Wood,2020-01-31,A
OFF-PA-10002245,WorkSmart,1,Composite,2015-01-21,D
OFF-EN-10004483,Staples,2,Wood,2015-01-29,B
OFF-SU-10000151,Staples,5,Plastic,2018-03-05,A
OFF-AP-10001293,BizWorks,1,Plastic,2022-03-09,C
TEC-PH-10000675,Apex,1,Paper,2017-03-10,A
OFF-ST-10003470,BizWorks,2,Wood,2017-12-04,A
OFF-LA-10004559,BizWorks,1,Composite,2011-07-13,A
OFF-AP-10002651,OfficePro,3,Plastic,2017-12-06,B
TEC-AC-10002550,WorkSmart,1,Plastic,2015-04-02,A
OFF-BI-10000829,WorkSmart,1,Fabric,2013-06-08,B
TEC-PH-10002555,Global,1,Paper,2014-08-09,C
FUR-BO-10003450,BizWorks,1,Glass,2024-06-01,A
FUR-FU-10004665,WorkSmart,2,Metal,2014-12-20,B
TEC-PH-10000369,Apex,1,Glass,2011-10-25,B
TEC-AC-10001590,Acme,2,Glass,2021-04-09,B
FUR-FU-10004909,Apex,2,Plastic,2019-02-08,D
FUR-BO-10004357,Staples,1,Composite,2013-05-26,B
TEC-AC-10000387,WorkSmart,1,Composite,2018-08-10,A
OFF-BI-10001308,WorkSmart,2,Fabric,2018-04-26,B
OFF-AP-10002734,Global,2,Composite,2010-06-11,A
FUR-FU-10004587,BizWorks,5,Fabric,2021-07-27,B
TEC-PH-10004833,Acme,1,Plastic,2015-05-05,A
FUR-FU-10001847,WorkSmart,1,Plastic,2021-10-30,A
FUR-FU-10002045,Global,1,Glass,2014-11-17,B
FUR-FU-10004671,Global,2,Plastic,2022-10-20,A
FUR-TA-10003569,Acme,2,Plastic,2014-01-17,B
TEC-PH-10002310,Apex,3,Metal,2018-04-19,A
OFF-PA-10001752,Apex,2,Paper,2020-11-30,D
TEC-MA-10003356,Apex,1,Glass,2010-04-17,A
OFF-AR-10003727,OfficePro,2,Glass,2017-04-22,D
TEC-AC-10001635,BizWorks,5,Paper,2023-07-07,B
OFF-LA-10003663,BizWorks,1,Metal,2013-03-10,C
TEC-CO-10004722,Apex,2,Plastic,2013-03-03,A
TEC-MA-10002210,Acme,5,Composite,2016-02-25,B
OFF-BI-10003196,OfficePro,3,Fabric,2011-10-29,B
FUR-CH-10002017,BizWorks,3,Glass,2015-10-28,B
FUR-FU-10003829,Apex,1,Paper,2018-01-20,B
OFF-PA-10000697,OfficePro,2,Wood,2011-05-27,B
OFF-AR-10004691,Acme,1,Fabric,2010-09-07,B
FUR-FU-10004270,Apex,2,Wood,2012-06-07,A
OFF-BI-10000948,Staples,1,Wood,2012-10-20,A
OFF-PA-10000223,WorkSmart,3,Glass,2022-11-08,B
OFF-PA-10000062,Acme,3,Plastic,2023-04-11,A
FUR-BO-10003404,Global,2,Wood,2011-08-23,A
OFF-BI-10004233,Global,1,Plastic,2018-04-11,A
TEC-PH-10002834,Acme,1,Metal,2016-12-05,A
FUR-CH-10003761,Global,3,Composite,2017-11-23,B
OFF-PA-10004665,BizWorks,2,Wood,2015-08-27,B
OFF-BI-10001196,Acme,3,Glass,2014-10-25,D
TEC-MA-10002981,Staples,1,Composite,2019-10-10,B
TEC-PH-10003601,Acme,2,Plastic,2013-05-27,D
OFF-BI-10002003,Apex,3,Wood,2021-11-08,B
OFF-PA-10003016,Apex,2,Fabric,2016-04-14,D
OFF-PA-10002246,OfficePro,2,Glass,2015-04-10,C
TEC-PH-10002890,Global,3,Metal,2015-08-25,B
TEC-MA-10003626,WorkSmart,1,Paper,2019-04-19,B
TEC-MA-10002412,Global,1,Metal,2011-03-17,A
OFF-AR-10003183,BizWorks,2,Wood,2024-04-28,A
OFF-PA-10002319,Acme,1,Glass,2017-07-06,D
OFF-PA-10001246,WorkSmart,3,Metal,2010-01-07,D
OFF-PA-10001815,WorkSmart,3,Paper,2014-05-06,C
FUR-FU-10001876,Global,3,Fabric,2012-04-05,C
TEC-PH-10004531,WorkSmart,2,Composite,2020-06-21,D
TEC-PH-10000673,WorkSmart,1,Fabric,2013-06-22,B
TEC-PH-10002075,Apex,1,Metal,2019-05-30,B
TEC-PH-10003691,Staples,3,Paper,2019-06-01,B
OFF-SU-10000157,Acme,1,Composite,2013-08-03,B
TEC-AC-10004227,Global,2,Glass,2021-01-16,A
TEC-AC-10004127,Apex,3,Paper,2014-06-16,B
FUR-CH-10002758,BizWorks,1,Fabric,2012-11-02,B
OFF-ST-10000532,BizWorks,1,Plastic,2024-06-01,B
TEC-AC-10003709,OfficePro,2,Plastic,2011-04-23,C
OFF-BI-10003166,WorkSmart,3,Composite,2017-05-02,B
OFF-ST-10004835,WorkSmart,1,Composite,2011-12-16,A
OFF-AP-10000159,Global,5,Composite,2014-08-04,C
OFF-AP-10001242,Staples,2,Plastic,2015-12-03,B
TEC-AC-10003433,Staples,5,Fabric,2011-05-24,A
TEC-PH-10003187,Global,1,Composite,2011-01-17,B
OFF-FA-10002763,Global,1,Plastic,2013-03-26,B
OFF-PA-10004239,Apex,3,Composite,2015-01-20,D
OFF-PA-10004782,BizWorks,3,Composite,2021-12-19,B
FUR-FU-10001185,Global,2,Paper,2014-09-15,A
OFF-PA-10003270,BizWorks,3,Composite,2013-01-05,B
OFF-PA-10002421,OfficePro,3,Plastic,2015-02-04,C
OFF-PA-10002923,BizWorks,1,Fabric,2015-09-23,B
OFF-ST-10001128,Apex,2,Plastic,2011-12-19,C
OFF-PA-10000520,WorkSmart,3,Plastic,2010-11-14,A
FUR-FU-10003832,WorkSmart,1,Composite,2022-09-04,C
FUR-FU-10000409,BizWorks,1,Paper,2014-11-12,C
TEC-PH-10004389,WorkSmart,3,Wood,2016-04-03,C
OFF-SU-10000946,WorkSmart,1,Glass,2013-05-29,B
FUR-FU-10001546,Acme,1,Wood,2013-08-26,C
OFF-PA-10000791,OfficePro,5,Wood,2020-01-18,B
OFF-PA-10003739,Apex,2,Plastic,2013-04-15,C
FUR-FU-10000771,Apex,3,Composite,2014-11-30,B
OFF-ST-10002615,WorkSmart,3,Glass,2017-05-25,A
OFF-PA-10000327,Staples,1,Wood,2013-12-25,B
OFF-EN-10003286,Apex,1,Metal,2015-04-18,B
OFF-AR-10003772,OfficePro,1,Metal,2012-01-17,B
OFF-AR-10003338,Global,1,Metal,2012-04-20,B
FUR-FU-10002116,OfficePro,2,Fabric,2016-10-31,B
FUR-CH-10000422,WorkSmart,2,Composite,2012-12-24,C
FUR-FU-10002685,WorkSmart,2,Plastic,2012-03-03,A
FUR-FU-10004963,Acme,1,Plastic,2013-06-21,B
OFF-BI-10000174,BizWorks,1,Composite,2014-03-31,C
FUR-CH-10004875,Apex,2,Paper,2017-05-14,B
FUR-FU-10000305,BizWorks,2,Glass,2010-10-20,B
TEC-PH-10001459,BizWorks,1,Paper,2021-01-05,B
FUR-FU-10002445,Apex,2,Fabric,2013-11-05,B
OFF-PA-10000213,Apex,1,Composite,2014-07-07,A
FUR-CH-10001797,WorkSmart,1,Paper,2017-09-17,B
OFF-PA-10003848,Apex,3,Glass,2020-09-15,D
FUR-FU-10000755,Staples,1,Fabric,2017-12-28,B
OFF-BI-10004654,Staples,2,Wood,2024-02-28,A
FUR-FU-10000550,Global,1,Wood,2013-10-29,C
TEC-MA-10004521,Apex,1,Fabric,2014-08-21,B
OFF-BI-10003655,Acme,1,Composite,2012-11-03,A
OFF-AP-10003779,Global,5,Wood,2020-07-19,C
OFF-FA-10002701,WorkSmart,2,Composite,2014-04-12,A
OFF-BI-10002799,Apex,5,Paper,2013-01-17,D
OFF-AR-10003582,Staples,2,Wood,2013-07-15,B
FUR-FU-10004666,Acme,2,Glass,2013-03-07,C
OFF-EN-10002312,Global,1,Glass,2012-10-26,B
FUR-CH-10002320,Acme,1,Paper,2021-11-16,A
OFF-AR-10001216,Apex,1,Glass,2021-08-28,B
FUR-FU-10003247,OfficePro,1,Composite,2017-07-02,D
FUR-TA-10003837,Acme,2,Composite,2012-09-05,C
TEC-PH-10002350,Acme,1,Glass,2011-06-02,B
TEC-AC-10000397,WorkSmart,1,Metal,2023-09-03,D
TEC-AC-10004001,Staples,1,Fabric,2012-02-22,A
OFF-PA-10001534,Apex,2,Plastic,2017-10-02,A
FUR-FU-10002379,Acme,2,Fabric,2021-06-12,A
TEC-PH-10000526,Apex,3,Glass,2024-01-17,C
OFF-PA-10001977,Staples,1,Composite,2010-05-18,C
FUR-BO-10003660,WorkSmart,1,Composite,2012-01-24,B
OFF-BI-10001267,Apex,1,Fabric,2018-02-01,D
OFF-PA-10002741,BizWorks,3,Composite,2023-03-02,B
OFF-PA-10001471,Staples,1,Paper,2016-09-21,B
TEC-MA-10001972,Staples,2,Wood,2017-10-05,A
FUR-FU-10003464,Global,2,Composite,2011-08-03,D
TEC-PH-10002200,WorkSmart,1,Glass,2018-11-30,A
OFF-PA-10004438,WorkSmart,1,Glass,2018-12-11,B
FUR-FU-10004586,BizWorks,1,Fabric,2022-09-24,B
TEC-PH-10004908,Apex,3,Fabric,2011-01-31,A
FUR-CH-10004495,OfficePro,2,Fabric,2015-04-22,B
TEC-MA-10000418,BizWorks,2,Glass,2024-05-20,A
OFF-BI-10004600,Global,2,Metal,2023-06-07,D
OFF-BI-10004040,WorkSmart,2,Glass,2017-02-02,B
OFF-AR-10001615,Staples,2,Paper,2018-04-23,B
TEC-PH-10001299,WorkSmart,1,Glass,2010-06-19,C
OFF-AR-10004260,BizWorks,1,Paper,2016-05-26,B
OFF-EN-10004773,OfficePro,1,Glass,2018-11-14,D
OFF-BI-10001787,Acme,2,Glass,2019-05-09,A
OFF-ST-10002957,Acme,1,Metal,2019-10-09,A
OFF-FA-10001883,WorkSmart,2,Paper,2018-10-22,A
TEC-PH-10001644,WorkSmart,1,Metal,2019-07-17,C
OFF-LA-10000407,Global,5,Paper,2023-03-29,D
TEC-AC-10000420,WorkSmart,1,Metal,2015-01-16,B
OFF-EN-10004846,OfficePro,1,Metal,2020-04-18,B
OFF-SU-10003567,WorkSmart,5,Paper,2022-06-19,A
OFF-ST-10002301,Apex,2,Metal,2018-04-15,A
TEC-PH-10003095,BizWorks,5,Glass,2020-11-09,B
TEC-PH-10004912,OfficePro,1,Paper,2014-05-21,A
OFF-AR-10000799,Global,1,Metal,2013-02-20,B
OFF-PA-10004609,Apex,2,Glass,2021-11-05,B
TEC-PH-10003171,Apex,3,Glass,2017-05-08,C
OFF-AP-10000595,BizWorks,1,Fabric,2010-04-22,B
TEC-AC-10003399,Acme,5,Plastic,2011-08-16,B
TEC-MA-10002428,OfficePro,2,Paper,2016-09-05,B
TEC-PH-10001128,BizWorks,3,Metal,2013-05-23,A
OFF-PA-10001033,Apex,1,Fabric,2017-08-26,C
TEC-AC-10000474,Global,1,Plastic,2016-08-11,A
FUR-FU-10002963,BizWorks,5,Metal,2015-10-31,A
FUR-FU-10000193,Acme,5,Plastic,2017-10-24,B
OFF-BI-10000962,Apex,2,Paper,2017-11-09,C
OFF-AP-10002867,BizWorks,1,Glass,2024-03-23,A
FUR-BO-10002916,OfficePro,1,Glass,2019-11-08,A
FUR-TA-10004152,Acme,2,Plastic,2020-05-31,A
FUR-FU-10000672,OfficePro,1,Glass,2014-03-07,B
FUR-BO-10002598,OfficePro,1,Wood,2015-05-24,B
OFF-ST-10004950,OfficePro,1,Composite,2012-08-09,A
OFF-PA-10004610,BizWorks,3,Glass,2014-02-11,C
FUR-FU-10000320,Acme,1,Wood,2022-03-26,C
FUR-CH-10003535,BizWorks,2,Paper,2019-02-19,B
FUR-FU-10003919,BizWorks,2,Paper,2010-04-20,B
OFF-PA-10000174,BizWorks,2,Plastic,2020-11-30,B
FUR-FU-10002703,Apex,2,Glass,2016-06-12,B
TEC-PH-10002415,WorkSmart,1,Glass,2010-08-14,B
OFF-AR-10000657,Staples,2,Glass,2018-03-31,A
OFF-PA-10004996,Apex,3,Fabric,2021-04-19,B
OFF-PA-10003363,Acme,2,Metal,2011-09-06,B
TEC-AC-10002305,Staples,5,Composite,2010-04-09,A
TEC-AC-10000990,Staples,3,Glass,2012-03-21,A
FUR-BO-10001608,Staples,3,Metal,2019-02-20,A
FUR-BO-10000112,WorkSmart,1,Fabric,2017-05-23,D
TEC-PH-10004120,BizWorks,2,Paper,2023-06-11,A
OFF-BI-10003476,Global,2,Composite,2012-10-16,C
TEC-MA-10002859,Acme,1,Wood,2018-04-14,B
OFF-AP-10001947,WorkSmart,2,Paper,2019-08-30,C
OFF-LA-10001982,WorkSmart,1,Paper,2020-08-22,B
TEC-PH-10003484,Global,2,Plastic,2024-03-10,D
OFF-PA-10000007,Staples,2,Fabric,2023-09-27,A
OFF-PA-10000552,BizWorks,2,Plastic,2018-02-27,B
TEC-MA-10001148,Global,5,Plastic,2019-02-23,A
OFF-AR-10004062,Global,1,Metal,2012-03-07,B
OFF-ST-10000321,WorkSmart,1,Paper,2015-05-12,B
OFF-AR-10001149,Acme,1,Fabric,2018-05-25,B
TEC-AC-10002134,OfficePro,3,Plastic,2023-12-27,B
TEC-PH-10004071,BizWorks,2,Wood,2018-04-09,A
OFF-PA-10004039,Global,2,Composite,2017-05-04,B
TEC-AC-10002550,BizWorks,1,Glass,2022-02-28,B
OFF-AR-10001725,Global,2,Fabric,2023-03-13,A
OFF-AR-10004269,Staples,1,Metal,2018-01-27,D
OFF-BI-10003007,BizWorks,3,Fabric,2020-03-20,D
OFF-PA-10002195,Staples,3,Paper,2013-01-06,C
OFF-SU-10002522,WorkSmart,3,Metal,2012-11-03,C
TEC-AC-10004859,Staples,3,Composite,2021-08-02,A
TEC-AC-10002558,BizWorks,2,Wood,2012-03-02,D
FUR-FU-10001731,Apex,3,Plastic,2021-06-06,B
OFF-SU-10004782,BizWorks,2,Fabric,2014-11-14,A
OFF-SU-10000432,Global,2,Metal,2023-02-22,C
OFF-LA-10004409,Staples,1,Composite,2012-09-08,A
OFF-ST-10001031,Acme,1,Plastic,2013-06-19,B
OFF-LA-10000476,Apex,2,Glass,2024-02-27,A
OFF-AR-10002987,WorkSmart,2,Composite,2012-01-14,B
TEC-CO-10001571,OfficePro,1,Wood,2016-08-28,B
FUR-FU-10003026,Global,3,Plastic,2011-01-10,B
OFF-ST-10001034,Global,1,Plastic,2014-10-20,A
TEC-AC-10000521,Acme,1,Glass,2020-09-02,B
OFF-SU-10003002,OfficePro,3,Plastic,2016-12-11,B
TEC-PH-10000730,OfficePro,2,Metal,2015-06-15,A
FUR-CH-10004983,WorkSmart,3,Plastic,2018-01-07,D
OFF-FA-10001332,WorkSmart,2,Composite,2019-06-09,B
TEC-AC-10001874,Apex,5,Metal,2011-08-15,C
OFF-BI-10000494,Global,2,Plastic,2024-02-18,A
FUR-TA-10003469,Staples,1,Composite,2022-09-03,B
OFF-AR-10003179,WorkSmart,1,Composite,2017-01-13,A
FUR-CH-10003606,Acme,1,Fabric,2017-11-12,B
FUR-CH-10003298,Acme,5,Composite,2013-03-22,A
OFF-LA-10003537,Acme,1,Glass,2013-08-28,B
OFF-PA-10000069,BizWorks,1,Paper,2022-11-07,B
FUR-FU-10004017,WorkSmart,1,Wood,2010-04-23,A
OFF-PA-10004733,WorkSmart,3,Plastic,2020-04-30,B
TEC-AC-10004814,Acme,1,Glass,2024-04-28,D
OFF-SU-10002301,WorkSmart,5,Plastic,2015-01-20,A
OFF-BI-10004318,BizWorks,1,Plastic,2015-06-11,C
FUR-FU-10004164,Staples,1,Composite,2023-03-23,C
TEC-AC-10001539,Staples,1,Composite,2015-06-09,B
TEC-PH-10002789,Apex,3,Plastic,2019-01-06,C
OFF-BI-10004828,Global,3,Paper,2018-11-17,D
OFF-AR-10001770,Staples,1,Metal,2023-12-10,B
FUR-FU-10004904,Apex,1,Metal,2010-09-10,B
FUR-FU-10002396,OfficePro,3,Wood,2010-05-04,B
TEC-AC-10002331,Global,1,Fabric,2013-05-21,B
TEC-AC-10001090,Staples,1,Glass,2011-09-16,B
FUR-BO-10004218,BizWorks,1,Wood,2018-08-23,D
TEC-PH-10001619,OfficePro,1,Plastic,2018-08-03,C
OFF-PA-10000246,Apex,1,Glass,2019-04-13,A
OFF-PA-10001461,Staples,1,Plastic,2019-05-11,A
OFF-AR-10004165,Staples,1,Plastic,2014-07-14,D
OFF-EN-10001028,WorkSmart,3,Fabric,2013-06-20,A
TEC-PH-10003535,OfficePro,1,Composite,2018-01-24,B
FUR-FU-10001085,Staples,3,Fabric,2013-03-06,A
OFF-AR-10003481,Acme,1,Wood,2016-04-13,A
OFF-PA-10002606,BizWorks,2,Composite,2011-03-17,A
FUR-FU-10003731,WorkSmart,1,Composite,2015-09-24,B
OFF-AP-10001962,WorkSmart,3,Wood,2017-05-29,A
FUR-FU-10003798,Staples,1,Composite,2020-04-17,B
OFF-AR-10002704,BizWorks,3,Glass,2023-12-31,B
TEC-AC-10002942,WorkSmart,1,Metal,2011-07-08,B
TEC-MA-10001016,Global,1,Wood,2023-06-06,C
TEC-AC-10001553,OfficePro,5,Wood,2023-11-15,B
FUR-FU-10001215,Global,2,Metal,2013-01-17,B
OFF-PA-10002499,Apex,1,Fabric,2017-08-09,B
TEC-PH-10003215,Global,5,Fabric,2015-01-08,B
OFF-LA-10002945,BizWorks,1,Fabric,2013-08-07,D
OFF-AR-10002766,Acme,1,Composite,2019-07-26,B
TEC-PH-10004434,WorkSmart,5,Metal,2018-08-05,B
FUR-BO-10000711,BizWorks,1,Glass,2018-07-10,C
OFF-BI-10001120,WorkSmart,3,Wood,2010-04-09,B
OFF-AP-10004655,Acme,1,Wood,2020-09-30,A
FUR-BO-10004360,WorkSmart,3,Wood,2014-01-19,B
TEC-AC-10000199,Global,2,Composite,2022-01-14,C
TEC-MA-10001127,Apex,5,Composite,2013-05-07,B
OFF-AR-10001227,Staples,2,Paper,2022-07-20,C
FUR-CH-10000229,Acme,1,Glass,2012-10-01,B
FUR-BO-10002853,Global,2,Fabric,2011-04-22,B
OFF-PA-10004022,BizWorks,1,Paper,2024-05-08,D
OFF-PA-10004248,Global,3,Paper,2013-02-09,B
OFF-PA-10001363,Global,3,Composite,2017-10-27,C
OFF-BI-10003876,Staples,2,Fabric,2014-09-02,C
OFF-EN-10004007,OfficePro,3,Fabric,2011-06-02,D
FUR-BO-10003894,WorkSmart,1,Wood,2013-05-05,A
TEC-MA-10001570,WorkSmart,2,Composite,2016-11-11,A
FUR-FU-10003930,BizWorks,1,Fabric,2021-11-04,C
OFF-PA-10000232,Apex,2,Paper,2013-04-06,B
OFF-AR-10001972,BizWorks,1,Metal,2020-08-16,B
OFF-AR-10004587,OfficePro,3,Metal,2018-11-18,A
OFF-AP-10001366,WorkSmart,1,Composite,2015-06-01,A
OFF-BI-10000216,Apex,2,Wood,2016-02-21,B
TEC-MA-10001047,BizWorks,1,Wood,2018-06-18,A
OFF-LA-10003720,Apex,3,Fabric,2015-03-03,A
TEC-MA-10003246,Global,1,Glass,2024-02-25,A
FUR-FU-10000175,Acme,2,Composite,2022-06-26,A
OFF-PA-10000556,Global,1,Glass,2012-08-31,C
TEC-AC-10003237,Staples,3,Metal,2010-03-07,C
OFF-EN-10003068,WorkSmart,1,Paper,2017-12-16,A
FUR-FU-10004053,Apex,3,Fabric,2011-07-25,A
OFF-PA-10000565,BizWorks,1,Paper,2020-08-28,B
OFF-LA-10000414,Acme,3,Glass,2010-11-04,B
OFF-AP-10002998,BizWorks,1,Fabric,2019-05-02,C
FUR-BO-10004690,WorkSmart,1,Plastic,2020-03-31,C
OFF-AR-10002445,Apex,2,Paper,2012-02-22,C
FUR-BO-10003546,Apex,1,Composite,2021-07-18,B
FUR-TA-10003392,Global,1,Paper,2012-02-05,B
OFF-AR-10003217,Acme,5,Paper,2019-07-08,B
OFF-ST-10001932,Acme,5,Fabric,2012-02-12,A
OFF-AR-10001761,WorkSmart,3,Metal,2020-07-24,A
OFF-EN-10003567,Apex,1,Glass,2018-09-21,A
OFF-PA-10003022,Acme,1,Plastic,2023-12-01,B
FUR-TA-10004442,Acme,2,Paper,2011-06-24,A
OFF-ST-10000129,BizWorks,1,Glass,2015-08-12,A
OFF-PA-10004948,WorkSmart,5,Glass,2018-12-28,B
OFF-PA-10001725,Global,1,Metal,2022-10-20,D
TEC-PH-10000213,BizWorks,5,Wood,2014-07-22,A
OFF-PA-10000807,BizWorks,2,Plastic,2012-11-13,B
OFF-ST-10003805,OfficePro,3,Plastic,2020-07-03,A
OFF-PA-10004353,Staples,1,Glass,2019-06-02,D
OFF-EN-10004206,OfficePro,3,Fabric,2011-05-21,A
OFF-LA-10003388,Acme,1,Paper,2018-11-22,C
TEC-PH-10000193,Apex,2,Wood,2019-08-02,A
FUR-FU-10002111,Staples,3,Fabric,2015-03-26,C
OFF-ST-10000885,Staples,1,Composite,2012-01-03,A
OFF-PA-10002709,Apex,2,Metal,2019-08-15,A
FUR-FU-10003424,Staples,2,Metal,2014-04-21,A
OFF-BI-10003718,Apex,1,Fabric,2022-08-15,A
FUR-FU-10002508,Staples,2,Glass,2018-01-21,C
OFF-AP-10004052,BizWorks,1,Metal,2022-03-15,B
OFF-PA-10003134,WorkSmart,1,Paper,2016-05-10,B
FUR-FU-10000719,WorkSmart,2,Metal,2019-02-18,D
FUR-BO-10003893,OfficePro,2,Paper,2022-08-28,B
TEC-CO-10001943,BizWorks,1,Composite,2021-12-23,D
FUR-CH-10000749,Staples,3,Wood,2017-07-16,A
OFF-PA-10003228,Global,3,Plastic,2013-10-04,D
TEC-AC-10001542,Apex,2,Fabric,2013-12-15,A
TEC-AC-10004877,BizWorks,2,Fabric,2019-03-31,B
TEC-PH-10001305,Staples,1,Paper,2010-10-17,B
OFF-PA-10000483,WorkSmart,3,Composite,2015-08-28,B
TEC-AC-10000487,WorkSmart,2,Composite,2010-03-05,B
TEC-AC-10002018,Apex,1,Glass,2020-10-20,B
OFF-PA-10004381,Global,2,Plastic,2010-11-26,D
OFF-EN-10001453,Staples,1,Wood,2023-04-21,D
OFF-SU-10001212,Staples,1,Fabric,2015-05-18,D
OFF-BI-10000201,Global,2,Paper,2018-06-16,D
TEC-AC-10004396,Global,2,Composite,2016-10-26,C
OFF-PA-10001166,Global,2,Fabric,2010-05-21,D
OFF-AR-10002467,WorkSmart,2,Paper,2022-06-06,C
FUR-FU-10002813,Apex,5,Metal,2016-10-09,B
TEC-MA-10000752,BizWorks,2,Fabric,2020-09-08,C
FUR-FU-10004845,Global,2,Wood,2011-03-26,D
OFF-FA-10000840,Apex,1,Paper,2014-12-31,C
OFF-AR-10001231,OfficePro,1,Wood,2022-03-05,B
TEC-PH-10004875,Staples,1,Fabric,2022-11-08,A
FUR-CH-10001802,Staples,2,Metal,2023-02-28,C
TEC-PH-10003356,Acme,3,Wood,2012-05-19,D
OFF-AP-10002670,OfficePro,1,Composite,2019-10-05,B
OFF-FA-10003485,BizWorks,1,Paper,2020-01-08,A
OFF-AP-10000390,Global,1,Fabric,2019-11-12,B
OFF-PA-10002764,Global,1,Metal,2011-01-28,B
OFF-PA-10000143,BizWorks,5,Composite,2012-04-21,B
TEC-MA-10000045,WorkSmart,2,Fabric,2016-09-14,B
OFF-ST-10000136,OfficePro,1,Glass,2017-08-23,D
TEC-PH-10004522,Global,3,Metal,2018-02-01,B
TEC-PH-10002584,Acme,3,Composite,2024-01-19,B
FUR-CH-10004626,Apex,2,Wood,2013-09-20,D
TEC-PH-10000562,Staples,1,Fabric,2012-09-17,B
FUR-FU-10001025,OfficePro,2,Fabric,2012-11-04,A
OFF-LA-10004178,Staples,1,Wood,2010-01-28,B
OFF-PA-10003797,Apex,3,Glass,2011-01-23,B
OFF-EN-10003448,OfficePro,2,Plastic,2012-04-12,C
OFF-AP-10000938,Apex,2,Composite,2010-09-07,D
OFF-SU-10004737,Global,1,Wood,2015-07-21,B
FUR-TA-10001691,BizWorks,1,Fabric,2014-03-09,A
TEC-MA-10003173,Global,1,Composite,2021-06-25,A
OFF-LA-10000305,BizWorks,5,Glass,2015-01-13,C
TEC-PH-10002583,Global,1,Composite,2013-09-22,C
OFF-AR-10003876,Apex,1,Plastic,2024-02-15,B
FUR-FU-10004864,Apex,5,Fabric,2018-07-07,B
OFF-PA-10003063,Apex,2,Metal,2013-08-16,D
OFF-PA-10003302,Staples,3,Plastic,2016-02-05,D
TEC-MA-10000423,Apex,1,Plastic,2020-01-29,A
OFF-PA-10003022,Global,2,Metal,2012-06-10,C
TEC-AC-10004992,Acme,1,Metal,2013-07-29,B
OFF-BI-10004099,Apex,3,Glass,2022-06-15,A
OFF-PA-10001215,Acme,1,Glass,2021-06-24,B
TEC-AC-10003870,BizWorks,2,Plastic,2010-09-19,A
OFF-AP-10000275,Global,3,Composite,2016-05-29,A
FUR-FU-10003192,Apex,2,Wood,2014-11-29,B
OFF-PA-10000859,Staples,2,Wood,2016-04-15,B
OFF-AR-10000614,Staples,1,Plastic,2016-04-11,B
OFF-FA-10000089,BizWorks,1,Composite,2015-12-11,B
FUR-TA-10001771,Acme,2,Metal,2010-11-21,A
FUR-CH-10002044,WorkSmart,2,Paper,2012-09-12,C
TEC-PH-10001795,Staples,5,Plastic,2023-02-04,B
FUR-TA-10001086,Staples,3,Fabric,2020-07-19,B
OFF-PA-10000048,Staples,2,Composite,2014-10-06,D
TEC-MA-10002109,Global,3,Fabric,2015-02-04,B
OFF-PA-10003036,Staples,1,Fabric,2018-08-04,B
TEC-PH-10001870,OfficePro,2,Plastic,2020-09-03,B
OFF-ST-10002182,Apex,1,Composite,2012-04-15,C
TEC-PH-10001468,BizWorks,1,Fabric,2021-05-17,C
OFF-AR-10004010,Staples,3,Glass,2017-08-10,A
OFF-ST-10003572,WorkSmart,2,Glass,2013-10-28,B
OFF-ST-10003994,WorkSmart,2,Composite,2014-08-04,A
FUR-CH-10001545,Staples,2,Wood,2021-11-10,D
FUR-FU-10004245,Staples,2,Paper,2021-10-23,B
OFF-EN-10002592,OfficePro,1,Fabric,2015-01-12,C
OFF-AR-10000914,Staples,2,Fabric,2020-03-10,B
OFF-LA-10003498,Staples,2,Composite,2020-01-21,B
TEC-MA-10003329,Apex,3,Glass,2018-04-11,D
FUR-FU-10000747,WorkSmart,1,Paper,2022-10-29,C
TEC-PH-10004100,OfficePro,1,Wood,2014-07-30,A
OFF-ST-10000636,WorkSmart,2,Fabric,2012-07-05,B
TEC-PH-10003174,OfficePro,3,Plastic,2012-07-06,B
OFF-PA-10001497,WorkSmart,2,Glass,2013-02-07,B
OFF-PA-10001952,Staples,3,Composite,2015-01-11,B
OFF-SU-10004661,WorkSmart,5,Composite,2015-11-09,B
OFF-BI-10002026,WorkSmart,5,Glass,2020-12-21,B
OFF-PA-10001826,OfficePro,3,Fabric,2015-03-21,A
TEC-MA-10001031,BizWorks,3,Wood,2020-12-03,B
TEC-MA-10003176,Acme,1,Fabric,2019-07-18,A
TEC-AC-10002647,OfficePro,3,Glass,2023-02-19,A
TEC-PH-10002114,OfficePro,2,Metal,2015-10-22,C
OFF-PA-10001593,OfficePro,5,Fabric,2017-06-25,A
TEC-AC-10004803,Global,1,Paper,2017-08-01,B
OFF-PA-10001801,BizWorks,2,Glass,2013-08-14,B
TEC-PH-10000127,Global,2,Paper,2020-03-05,B
OFF-AP-10001564,Global,2,Glass,2019-03-09,B
TEC-AC-10004595,OfficePro,1,Metal,2014-03-09,B
FUR-FU-10002874,Acme,2,Paper,2024-02-08,A
FUR-FU-10003489,OfficePro,3,Paper,2022-12-27,C
TEC-MA-10002073,Staples,2,Plastic,2012-01-30,D
TEC-PH-10004006,Acme,1,Composite,2019-05-06,A
OFF-BI-10000279,Global,3,Paper,2013-09-19,B
OFF-PA-10000300,WorkSmart,1,Composite,2015-12-31,B
OFF-BI-10004308,WorkSmart,1,Glass,2019-07-14,A
TEC-PH-10004080,BizWorks,2,Wood,2012-08-06,B
OFF-PA-10001260,Apex,3,Fabric,2015-09-11,B
OFF-ST-10004946,BizWorks,2,Plastic,2014-11-02,A
OFF-PA-10002109,Acme,2,Glass,2010-01-28,D
TEC-MA-10004255,Global,1,Metal,2016-10-06,B
FUR-FU-10003095,Acme,2,Wood,2016-12-13,B
FUR-FU-10000820,Acme,1,Plastic,2010-06-09,C
TEC-MA-10002930,WorkSmart,5,Plastic,2017-12-02,A
OFF-PA-10003205,OfficePro,3,Glass,2021-04-06,B
OFF-LA-10002368,Staples,2,Metal,2024-04-19,B
TEC-MA-10003230,Apex,2,Metal,2020-03-11,B
OFF-PA-10000295,Global,3,Composite,2020-03-20,B
OFF-SU-10004884,Acme,2,Fabric,2016-10-07,A
FUR-FU-10002240,Apex,1,Glass,2023-09-09,A
FUR-FU-10001057,Acme,1,Wood,2023-04-13,A
FUR-CH-10002073,WorkSmart,2,Fabric,2014-04-20,D
OFF-AP-10003278,Staples,5,Wood,2012-04-16,A
TEC-PH-10002070,WorkSmart,1,Plastic,2023-08-30,A
FUR-FU-10000277,Apex,1,Paper,2020-10-13,D
TEC-AC-10004420,Global,2,Paper,2016-04-05,B
TEC-PH-10004094,Acme,3,Glass,2019-04-29,B
TEC-MA-10002790,Staples,1,Metal,2017-04-24,A
OFF-AP-10001634,WorkSmart,1,Metal,2021-04-05,B
OFF-PA-10001837,Apex,2,Plastic,2022-12-31,A
OFF-AR-10003896,WorkSmart,2,Plastic,2021-12-04,B
OFF-BI-10002897,Acme,1,Wood,2014-06-16,D
OFF-PA-10001243,Acme,1,Plastic,2015-02-10,B
FUR-FU-10003806,Global,2,Glass,2010-07-24,A
TEC-MA-10000904,Staples,2,Wood,2019-10-20,B
OFF-LA-10002473,OfficePro,5,Fabric,2018-09-10,B
FUR-FU-10003374,WorkSmart,2,Metal,2012-03-02,B
TEC-MA-10001856,Acme,1,Metal,2021-03-16,B
OFF-ST-10003641,Apex,2,Paper,2024-05-03,B
OFF-AR-10004707,WorkSmart,2,Paper,2020-04-05,B
TEC-MA-10004086,Global,1,Glass,2013-01-10,D
TEC-MA-10001695,Global,5,Metal,2012-12-26,C
FUR-FU-10002506,Acme,3,Glass,2014-05-27,A
TEC-AC-10004518,Acme,1,Fabric,2015-01-14,C
OFF-AP-10000027,Acme,1,Fabric,2023-11-23,A
OFF-PA-10002558,BizWorks,1,Composite,2019-04-21,C
TEC-AC-10000926,OfficePro,1,Wood,2010-03-08,A
OFF-PA-10001846,Acme,2,Paper,2023-02-01,B
TEC-MA-10003673,WorkSmart,2,Wood,2013-07-02,C
FUR-BO-10001567,WorkSmart,5,Paper,2021-05-21,A
FUR-FU-10001379,BizWorks,1,Composite,2012-03-24,C
TEC-MA-10000984,BizWorks,2,Metal,2011-02-07,B
OFF-AR-10000937,Staples,3,Glass,2015-06-26,B
FUR-FU-10002030,Apex,2,Wood,2021-05-29,B
OFF-FA-10000254,Acme,1,Paper,2018-01-04,D
OFF-AP-10004136,WorkSmart,1,Wood,2018-03-13,A
TEC-AC-10002370,BizWorks,1,Metal,2012-12-22,B
OFF-AR-10003986,WorkSmart,5,Glass,2021-11-19,C
OFF-SU-10004290,WorkSmart,5,Plastic,2017-01-10,D
TEC-MA-10004552,BizWorks,5,Paper,2022-04-16,C
OFF-PA-10000312,OfficePro,3,Plastic,2012-02-11,B
OFF-PA-10001001,BizWorks,1,Composite,2020-01-21,D
OFF-PA-10001583,BizWorks,5,Glass,2018-11-23,C
TEC-MA-10002694,Apex,5,Fabric,2014-07-28,C
TEC-MA-10004626,BizWorks,1,Wood,2014-04-06,A
TEC-PH-10004241,Global,1,Paper,2018-02-06,B
OFF-SU-10003936,BizWorks,2,Wood,2013-02-25,B
TEC-MA-10003337,WorkSmart,1,Composite,2013-05-02,B
OFF-PA-10000210,Acme,1,Composite,2016-02-10,B
OFF-AR-10003477,WorkSmart,5,Wood,2021-11-21,A
FUR-CH-10002317,Apex,5,Paper,2020-10-19,B
OFF-LA-10004677,Global,1,Glass,2015-08-05,A
FUR-CH-10002780,BizWorks,2,Metal,2011-12-07,A
OFF-EN-10001535,OfficePro,3,Glass,2017-04-23,B
TEC-MA-10003493,Staples,2,Metal,2015-10-15,C
TEC-AC-10002380,BizWorks,1,Fabric,2018-02-25,B
TEC-PH-10002817,Acme,3,Glass,2021-11-28,A
TEC-MA-10003589,Staples,3,Wood,2021-12-27,A
OFF-AP-10003099,OfficePro,5,Wood,2011-02-27,B
TEC-PH-10002645,Apex,1,Paper,2015-07-15,C
OFF-ST-10001627,Apex,1,Wood,2020-05-21,B
